"product_name","category","subcategory","total_orders","units_sold","total_revenue","total_profit","profit_margin","revenue_rank"
Canon imageCLASS 2200 Advanced Copier,Technology,Copiers,5,20,61599.80,25199.90,0.41,1
Fellowes PB500 Electric Punch Plastic Comb Binding Machine with Manual Bind,Office Supplies,Binders,10,31,27453.40,7753.04,0.28,2
Cisco TelePresence System EX90 Videoconferencing Unit,Technology,Machines,1,6,22638.50,-1811.08,-0.08,3
HON 5400 Series Task Chairs for Big and Tall,Furniture,Chairs,8,39,21870.60,0.00,0.00,4
GBC DocuBind TL300 Electric Binding System,Office Supplies,Binders,11,37,19823.50,2233.51,0.11,5
GBC Ibimaster 500 Manual ProClick Binding System,Office Supplies,Binders,9,48,19024.50,760.98,0.04,6
Hewlett Packard LaserJet 3310 Copier,Technology,Copiers,8,38,18839.70,6983.88,0.37,7
"HP Designjet T520 Inkjet Large Format Printer - 24"" Color",Technology,Machines,3,12,18374.90,4094.98,0.22,8
GBC DocuBind P400 Electric Binding System,Office Supplies,Binders,6,27,17965.10,-1878.17,-0.10,9
High Speed Automatic Electric Letter Opener,Office Supplies,Supplies,3,11,17030.30,-262.01,-0.02,10
Lexmark MX611dhe Monochrome Laser Printer,Technology,Machines,4,18,16829.90,-4589.97,-0.27,11
Martin Yale Chadless Opener Electric Letter Opener,Office Supplies,Supplies,6,22,16656.20,-1299.18,-0.08,12
Ibico EPK-21 Electric Binding System,Office Supplies,Binders,3,13,15875.90,3345.28,0.21,13
"Riverside Palais Royal Lawyers Bookcase, Royale Cherry Finish",Furniture,Bookcases,5,24,15611.00,-669.55,-0.04,14
"3D Systems Cube Printer, 2nd Generation, Magenta",Technology,Machines,2,11,14299.90,3717.97,0.26,15
Samsung Galaxy Mega 6.3,Technology,Phones,6,39,13943.70,1822.76,0.13,16
Apple iPhone 5,Technology,Phones,6,24,12996.60,1611.58,0.12,17
Bretford Rectangular Conference Table Tops,Furniture,Tables,12,46,12995.30,-327.23,-0.03,18
Global Troy Executive Leather Low-Back Tilter,Furniture,Chairs,9,32,12975.40,951.86,0.07,19
Canon PC1060 Personal Laser Copier,Technology,Copiers,4,19,11619.80,4570.93,0.39,20
SAFCO Arco Folding Chair,Furniture,Chairs,13,53,11572.80,1179.37,0.10,21
Honeywell Enviracaire Portable HEPA Air Cleaner for 17' x 22' Room,Office Supplies,Appliances,8,40,11304.40,3247.02,0.29,22
Cubify CubeX 3D Printer Double Head Print,Technology,Machines,3,9,11100.00,-8879.97,-0.80,23
DMI Eclipse Executive Suite Bookcases,Furniture,Bookcases,6,27,11046.60,90.18,0.01,24
Tennsco 6- and 18-Compartment Lockers,Office Supplies,Storage,11,43,10925.00,1575.11,0.14,25
Plantronics CS510 - Over-the-Head monaural Wireless Headset System,Technology,Accessories,10,35,10822.40,3085.03,0.29,26
"Hon Deluxe Fabric Upholstered Stacking Chairs, Rounded Back",Furniture,Chairs,12,51,10637.50,1927.44,0.18,27
Logitech P710e Mobile Speakerphone,Technology,Accessories,9,41,10196.60,1645.36,0.16,28
Chromcraft Bull-Nose Wood Oval Conference Tables & Bases,Furniture,Tables,5,27,9917.64,-2876.12,-0.29,29
Tennsco Double-Tier Lockers,Office Supplies,Storage,12,47,9630.86,429.79,0.04,30
Bush Advantage Collection Racetrack Conference Table,Furniture,Tables,7,33,9544.73,-1934.40,-0.20,31
Plantronics Savi W720 Multi-Device Wireless Headset System,Technology,Accessories,7,24,9367.29,3696.28,0.39,32
Bady BDG101FRU Card Printer,Technology,Machines,4,14,9279.88,1327.98,0.14,33
Tennsco Single-Tier Lockers,Office Supplies,Storage,8,28,9158.30,-825.75,-0.09,34
GuestStacker Chair with Chrome Finish Legs,Furniture,Chairs,8,31,9070.94,773.26,0.09,35
Canon Imageclass D680 Copier / Fax,Technology,Copiers,5,16,8959.87,2799.96,0.31,36
Hewlett Packard 610 Color Digital Copier / Printer,Technology,Copiers,7,21,8899.82,3124.94,0.35,37
Wilson Electronics DB Pro Signal Booster,Technology,Phones,10,32,8878.40,515.52,0.06,38
Office Star - Professional Matrix Back Chair with 2-to-1 Synchro Tilt and Mesh Fabric Seat,Furniture,Chairs,8,28,8774.50,1305.65,0.15,39
Global Deluxe High-Back Manager's Chair,Furniture,Chairs,8,35,8665.19,1558.59,0.18,40
Hon 4070 Series Pagoda Armless Upholstered Stacking Chairs,Furniture,Chairs,8,34,8431.00,1388.63,0.16,41
Chromcraft Round Conference Tables,Furniture,Tables,13,61,8209.06,-189.98,-0.02,42
"Hot File 7-Pocket, Floor Stand",Office Supplies,Storage,13,49,8138.23,2016.71,0.25,43
Fellowes PB300 Plastic Comb Binding Machine,Office Supplies,Binders,6,27,8070.19,2518.05,0.31,44
Cubify CubeX 3D Printer Triple Head Print,Technology,Machines,1,4,7999.98,-3839.99,-0.48,45
Ibico Ibimaster 300 Manual Binding System,Office Supplies,Binders,8,28,7985.38,2318.34,0.29,46
Global Commerce Series High-Back Swivel/Tilt Chairs,Furniture,Chairs,9,33,7979.44,926.19,0.12,47
Okidata MB760 Printer,Technology,Machines,2,7,7834.40,881.37,0.11,48
Adjustable Depth Letter/Legal Cart,Office Supplies,Storage,11,45,7730.20,1932.55,0.25,49
Ativa V4110MDD Micro-Cut Shredder,Technology,Machines,2,11,7699.89,3772.95,0.49,50
Mitel MiVoice 5330e IP Phone,Technology,Phones,9,34,7699.72,780.97,0.10,51
Hon 4700 Series Mobuis Mid-Back Task Chairs with Adjustable Arms,Furniture,Chairs,6,24,7582.37,832.99,0.11,52
"Atlantic Metals Mobile 3-Shelf Bookcases, Custom Colors",Furniture,Bookcases,8,35,7539.71,780.33,0.10,53
Tennsco 16-Compartment Lockers with Coat Rack,Office Supplies,Storage,5,13,7515.52,1114.37,0.15,54
Hon 94000 Series Round Tables,Furniture,Tables,5,30,7404.50,-681.21,-0.09,55
Logitech diNovo Edge Keyboard,Technology,Accessories,5,31,7399.70,1432.44,0.19,56
Bretford CR4500 Series Slim Rectangular Table,Furniture,Tables,8,29,7242.77,-532.76,-0.07,57
Samsung Galaxy S III - 16GB - pebble blue (T-Mobile),Technology,Phones,6,28,7139.80,84.00,0.01,58
Zebra ZM400 Thermal Label Printer,Technology,Machines,2,6,6965.70,3343.54,0.48,59
"Bevis Oval Conference Table, Walnut",Furniture,Tables,8,36,6942.07,-856.01,-0.12,60
Hon GuestStacker Chair,Furniture,Chairs,9,34,6936.10,1233.08,0.18,61
Hoover Upright Vacuum With Dirt Cup,Office Supplies,Appliances,6,31,6832.91,460.35,0.07,62
"Tennsco Snap-Together Open Shelving Units, Starter Sets and Add-On Units",Office Supplies,Storage,6,25,6819.31,181.66,0.03,63
GBC DocuBind 300 Electric Binding Machine,Office Supplies,Binders,8,23,6785.14,494.42,0.07,64
Bretford CR8500 Series Meeting Room Furniture,Furniture,Tables,6,21,6776.56,461.13,0.07,65
Cisco Unified IP Phone 7945G VoIP phone,Technology,Phones,6,26,6751.60,102.30,0.02,66
Hon Every-Day Series Multi-Task Chairs,Furniture,Chairs,10,43,6748.48,281.97,0.04,67
ClearOne CHATAttach 160 - speaker phone,Technology,Phones,4,13,6695.89,1053.98,0.16,68
Standard Rollaway File with Lock,Office Supplies,Storage,10,40,6594.95,1261.33,0.19,69
Hon Multipurpose Stacking Arm Chairs,Furniture,Chairs,6,36,6584.64,814.42,0.12,70
"Dual Level, Single-Width Filing Carts",Office Supplies,Storage,9,43,6574.54,1640.53,0.25,71
Balt Solid Wood Round Tables,Furniture,Tables,4,19,6518.75,-1201.06,-0.18,72
Hon Pagoda Stacking Chairs,Furniture,Chairs,4,22,6483.80,1540.70,0.24,73
"Global Leather and Oak Executive Chair, Black",Furniture,Chairs,8,26,6410.87,854.78,0.13,74
Sharp AL-1530CS Digital Copier,Technology,Copiers,4,17,6399.87,2064.96,0.32,75
Polycom VVX 310 VoIP phone,Technology,Phones,8,40,6227.65,899.95,0.14,76
Samsung Galaxy S4,Technology,Phones,5,13,6134.70,438.19,0.07,77
Samsung Galaxy S4 Mini,Technology,Phones,5,15,6109.87,1104.48,0.18,78
Global Comet Stacking Arm Chair,Furniture,Chairs,5,17,6084.14,697.14,0.11,79
Global Ergonomic Managers Chair,Furniture,Chairs,11,39,6008.54,785.45,0.13,80
Canon PC1080F Personal Copier,Technology,Copiers,4,11,5999.90,1973.97,0.33,81
"Global Leather Highback Executive Chair with Pneumatic Height Adjustment, Black",Furniture,Chairs,10,39,5989.20,267.30,0.04,82
Hon 5100 Series Wood Tables,Furniture,Tables,7,26,5965.09,-238.60,-0.04,83
"Sanyo Counter Height Refrigerator with Crisper, 3.6 Cubic Foot, Stainless Steel/Black",Office Supplies,Appliances,3,18,5906.52,1653.83,0.28,84
Hon 4070 Series Pagoda Round Back Stacking Chairs,Furniture,Chairs,7,21,5906.03,1052.81,0.18,85
Global Leather Executive Chair,Furniture,Chairs,7,21,5861.53,701.98,0.12,86
"Office Impressions End Table, 20-1/2""H x 24""W x 20""D",Furniture,Tables,5,23,5801.82,-66.83,-0.01,87
Zebra GX420t Direct Thermal/Thermal Transfer Printer,Technology,Machines,3,14,5787.35,509.71,0.09,88
Iceberg Mobile Mega Data/Printer Cart,Office Supplies,Storage,8,49,5751.77,1388.61,0.24,89
Safco Contoured Stacking Chairs,Furniture,Chairs,8,27,5697.76,870.16,0.15,90
Canon PC940 Copier,Technology,Copiers,3,15,5669.87,2092.45,0.37,91
Bretford “Just In Time” Height-Adjustable Multi-Task Work Tables,Furniture,Tables,4,17,5634.90,-964.19,-0.17,92
Logitech Z-906 Speaker sys - home theater - 5.1-CH,Technology,Accessories,4,17,5609.83,2243.93,0.40,93
Deluxe Rollaway Locking File with Drawer,Office Supplies,Storage,5,14,5572.79,1380.72,0.25,94
"Atlantic Metals Mobile 5-Shelf Bookcases, Custom Colors",Furniture,Bookcases,8,26,5492.89,15.05,0.00,95
"Global High-Back Leather Tilter, Burgundy",Furniture,Chairs,14,54,5436.16,-474.74,-0.09,96
Hon Olson Stacker Chairs,Furniture,Chairs,4,22,5427.99,1292.13,0.24,97
Ibico Hi-Tech Manual Binding System,Office Supplies,Binders,11,34,5398.32,-304.99,-0.06,98
Wilson SignalBoost 841262 DB PRO Amplifier Kit,Technology,Phones,6,17,5327.26,1043.85,0.20,99
Hon Olson Stacker Stools,Furniture,Chairs,10,44,5294.46,833.60,0.16,100
GE 30524EE4,Technology,Phones,9,32,5291.73,838.84,0.16,101
Hon 2090 “Pillow Soft” Series Mid Back Swivel/Tilt Chairs,Furniture,Chairs,6,24,5282.42,-989.05,-0.19,102
"Lifetime Advantage Folding Chairs, 4/Carton",Furniture,Chairs,7,27,5212.11,972.64,0.19,103
"Atlantic Metals Mobile 4-Shelf Bookcases, Custom Colors",Furniture,Bookcases,6,27,5184.08,-126.44,-0.02,104
Razer Tiamat Over Ear 7.1 Surround Sound PC Gaming Headset,Technology,Accessories,7,26,5119.74,2155.89,0.42,105
"Chromcraft 48"" x 96"" Racetrack Double Pedestal Table",Furniture,Tables,6,22,5098.18,-404.01,-0.08,106
Hoover Shoulder Vac Commercial Portable Vacuum,Office Supplies,Appliances,6,16,5009.48,715.64,0.14,107
Panasonic KX-TG9471B,Technology,Phones,7,27,4978.15,1168.10,0.23,108
Chromcraft Rectangular Conference Tables,Furniture,Tables,9,30,4952.67,-450.24,-0.09,109
Apple iPhone 5S,Technology,Phones,4,11,4901.91,512.99,0.10,110
O'Sullivan 2-Door Barrister Bookcase in Odessa Pine,Furniture,Bookcases,7,31,4886.46,566.47,0.12,111
Brother DCP1000 Digital 3 in 1 Multifunction Machine,Technology,Copiers,7,19,4859.84,1154.96,0.24,112
Fellowes Staxonsteel Drawer Files,Office Supplies,Storage,7,26,4829.25,509.97,0.11,113
Smead Adjustable Mobile File Trolley with Lockable Top,Office Supplies,Storage,3,12,4778.77,1106.66,0.23,114
High-Back Leather Manager's Chair,Furniture,Chairs,9,42,4770.63,-197.59,-0.04,115
SAFCO Boltless Steel Shelving,Office Supplies,Storage,10,46,4704.70,-470.47,-0.10,116
Global Executive Mid-Back Manager's Chair,Furniture,Chairs,6,18,4626.58,750.73,0.16,117
DMI Arturo Collection Mission-style Design Wood Chair,Furniture,Chairs,11,37,4619.99,486.16,0.11,118
Polycom CX600 IP Phone VoIP phone,Technology,Phones,4,17,4619.23,896.85,0.19,119
Letter Size Cart,Office Supplies,Storage,8,33,4600.09,1252.88,0.27,120
KI Adjustable-Height Table,Furniture,Tables,18,74,4552.64,-248.48,-0.05,121
"Bevis Round Bullnose 29"" High Table Top",Furniture,Tables,5,24,4544.92,-192.19,-0.04,122
Fellowes Officeware Wire Shelving,Office Supplies,Storage,11,55,4509.47,-332.37,-0.07,123
Samsung Galaxy Note 2,Technology,Phones,2,14,4507.90,-128.80,-0.03,124
"Fellowes Strictly Business Drawer File, Letter/Legal Size",Office Supplies,Storage,7,33,4479.03,388.75,0.09,125
Sanyo 2.5 Cubic Foot Mid-Size Office Refrigerators,Office Supplies,Appliances,4,17,4476.96,956.95,0.21,126
"Riverside Furniture Oval Coffee Table, Oval End Table, End Table with Drawer",Furniture,Tables,5,25,4446.18,-1147.40,-0.26,127
Nortel Meridian M3904 Professional Digital phone,Technology,Phones,10,32,4434.91,936.26,0.21,128
Global Commerce Series Low-Back Swivel/Tilt Chairs,Furniture,Chairs,7,24,4420.06,41.12,0.01,129
Sharp 1540cs Digital Laser Copier,Technology,Copiers,7,10,4399.92,1649.97,0.38,130
Logitech G19 Programmable Gaming Keyboard,Technology,Accessories,8,36,4389.25,729.06,0.17,131
"Tennsco Stur-D-Stor Boltless Shelving, 5 Shelves, 24"" Deep, Sand",Office Supplies,Storage,7,33,4384.04,-36.53,-0.01,132
"Hon Practical Foundations 30 x 60 Training Table, Light Gray/Charcoal",Furniture,Tables,6,22,4334.83,430.07,0.10,133
Bevis 36 x 72 Conference Tables,Furniture,Tables,8,40,4332.25,448.16,0.10,134
GBC DocuBind TL200 Manual Binding Machine,Office Supplies,Binders,6,23,4322.81,1592.50,0.37,135
"Chromcraft Bull-Nose Wood 48"" x 96"" Rectangular Conference Tables",Furniture,Tables,6,11,4297.64,-611.59,-0.14,136
Cisco 9971 IP Video Phone Charcoal,Technology,Machines,2,16,4268.00,466.40,0.11,137
Motorola L703CM,Technology,Phones,6,32,4211.73,467.97,0.11,138
GBC DocuBind 200 Manual Binding Machine,Office Supplies,Binders,4,15,4209.80,1052.45,0.25,139
Hewlett Packard 310 Color Digital Copier,Technology,Copiers,6,16,4199.86,839.97,0.20,140
"SAFCO Commercial Wire Shelving, Black",Office Supplies,Storage,10,35,4199.46,-635.44,-0.15,141
Office Star - Mid Back Dual function Ergonomic High Back Chair with 2-Way Adjustable Arms,Furniture,Chairs,5,31,4185.48,342.89,0.08,142
Fellowes PB200 Plastic Comb Binding Machine,Office Supplies,Binders,9,38,4181.75,693.56,0.17,143
Cisco SPA301,Technology,Phones,9,30,4180.53,904.74,0.22,144
"Global Wood Trimmed Manager's Task Chair, Khaki",Furniture,Chairs,14,59,4166.88,-503.12,-0.12,145
Canon PC-428 Personal Copier,Technology,Copiers,6,25,4119.79,1469.93,0.36,146
Wireless Extenders zBoost YX545 SOHO Signal Booster,Technology,Phones,7,24,4044.39,733.28,0.18,147
Fellowes Super Stor/Drawer Files,Office Supplies,Storage,9,27,4006.44,473.34,0.12,148
Samsung Galaxy S4 Active,Technology,Phones,2,8,3999.92,1039.98,0.26,149
WD My Passport Ultra 2TB Portable External Hard Drive,Technology,Accessories,8,35,3998.40,499.80,0.13,150
Canon imageCLASS MF7460 Monochrome Digital Laser Multifunction Copier,Technology,Machines,1,2,3991.98,1995.99,0.50,151
Office Star - Contemporary Swivel Chair with Padded Adjustable Arms and Flex Back,Furniture,Chairs,7,32,3989.73,425.76,0.11,152
Polycom SoundStation2 EX Conference phone,Technology,Phones,4,12,3968.51,518.34,0.13,153
Hon Racetrack Conference Tables,Furniture,Tables,6,22,3963.90,-598.52,-0.15,154
Canon Image Class D660 Copier,Technology,Copiers,2,7,3959.93,1691.97,0.43,155
"Global Airflow Leather Mesh Back Chair, Black",Furniture,Chairs,9,32,3955.68,573.72,0.15,156
Fellowes High-Stak Drawer Files,Office Supplies,Storage,8,26,3946.66,419.33,0.11,157
Luxo Professional Fluorescent Magnifier Lamp with Clamp-Mount Base,Furniture,Furnishings,5,23,3861.06,289.58,0.07,158
Honeywell Enviracaire Portable HEPA Air Cleaner for 16' x 20' Room,Office Supplies,Appliances,3,14,3855.18,1503.52,0.39,159
Polycom SoundPoint IP 450 VoIP phone,Technology,Phones,6,22,3839.62,162.62,0.04,160
Google Nexus 5,Technology,Phones,5,23,3815.79,710.96,0.19,161
Hon Non-Folding Utility Tables,Furniture,Tables,5,29,3775.65,541.65,0.14,162
Logitech VX Revolution Cordless Laser Mouse for Notebooks (Black),Technology,Accessories,5,22,3743.79,21.60,0.01,163
"SAFCO PlanMaster Heigh-Adjustable Drafting Table Base, 43w x 30d x 30-37h, Black",Furniture,Tables,5,14,3739.11,608.04,0.16,164
Aastra 57i VoIP phone,Technology,Phones,7,26,3684.71,575.33,0.16,165
"Office Star - Contemporary Task Swivel chair with Loop Arms, Charcoal",Furniture,Chairs,9,35,3680.54,-491.18,-0.13,166
Polycom VoiceStation 500 Conference phone,Technology,Phones,5,15,3657.38,339.19,0.09,167
"Situations Contoured Folding Chairs, 4/Set",Furniture,Chairs,15,64,3641.27,234.23,0.06,168
"Bush Heritage Pine Collection 5-Shelf Bookcase, Albany Pine Finish, *Special Order",Furniture,Bookcases,8,34,3626.01,-208.65,-0.06,169
Toshiba IPT2010-SD IP Telephone,Technology,Phones,8,31,3613.74,425.31,0.12,170
"Bush Cubix Conference Tables, Fully Assembled",Furniture,Tables,4,19,3603.29,311.82,0.09,171
Pyle PMP37LED,Technology,Phones,10,43,3590.03,576.90,0.16,172
Global Adaptabilities Conference Tables,Furniture,Tables,4,14,3540.35,354.04,0.10,173
"24 Capacity Maxi Data Binder Racks, Pearl",Office Supplies,Storage,4,19,3537.24,536.90,0.15,174
Global Comet Stacking Armless Chair,Furniture,Chairs,6,14,3528.79,514.37,0.15,175
Avanti 4.4 Cu. Ft. Refrigerator,Office Supplies,Appliances,7,24,3511.01,383.68,0.11,176
Hon Rectangular Conference Tables,Furniture,Tables,4,20,3481.52,-295.82,-0.08,177
"Iceberg OfficeWorks 42"" Round Tables",Furniture,Tables,7,30,3457.44,-392.55,-0.11,178
"Global Adaptabilites Bookcase, Cherry/Storm Gray Finish",Furniture,Bookcases,2,8,3447.84,206.87,0.06,179
O'Sullivan Living Dimensions 5-Shelf Bookcases,Furniture,Bookcases,6,21,3420.77,-755.75,-0.22,180
Geemarc AmpliPOWER60,Technology,Phones,11,46,3415.04,384.19,0.11,181
Hewlett-Packard Desktjet 6988DT Refurbished Printer,Technology,Machines,1,5,3404.50,1668.20,0.49,182
Bush Advantage Collection Round Conference Table,Furniture,Tables,4,19,3401.60,210.47,0.06,183
Fellowes Stor/Drawer Steel Plus Storage Drawers,Office Supplies,Storage,8,37,3397.31,78.25,0.02,184
"Chromcraft Bull-Nose Wood Round Conference Table Top, Wood Base",Furniture,Tables,6,18,3354.89,100.21,0.03,185
"Dot Matrix Printer Tape Reel Labels, White, 5000/Box",Office Supplies,Labels,8,36,3322.88,1517.91,0.46,186
"Bush Andora Bookcase, Maple/Graphite Gray Finish",Furniture,Bookcases,9,34,3317.72,135.59,0.04,187
Tenex Antistatic Computer Chair Mats,Furniture,Furnishings,6,25,3317.01,-530.04,-0.16,188
Bevis 44 x 96 Conference Tables,Furniture,Tables,5,20,3253.22,-164.72,-0.05,189
Ibico EB-19 Dual Function Manual Binding System,Office Supplies,Binders,8,23,3234.91,1086.38,0.34,190
GBC ProClick 150 Presentation Binding System,Office Supplies,Binders,5,22,3223.00,-461.33,-0.14,191
Okidata C331dn Printer,Technology,Machines,5,12,3210.80,111.68,0.03,192
Office Impressions Heavy Duty Welded Shelving & Multimedia Storage Drawers,Office Supplies,Storage,5,20,3178.13,-167.27,-0.05,193
Jabra SPEAK 410,Technology,Phones,9,37,3158.06,654.17,0.21,194
"Global Fabric Manager's Chair, Dark Gray",Furniture,Chairs,9,35,3150.58,499.85,0.16,195
Hon 2111 Invitation Series Corner Table,Furniture,Tables,4,18,3140.55,-401.99,-0.13,196
Economy Rollaway Files,Office Supplies,Storage,7,20,3138.80,693.84,0.22,197
BlackBerry Q10,Technology,Phones,6,27,3099.35,548.06,0.18,198
Panasonic KX-TG9541B DECT 6.0 Digital 2-Line Expandable Cordless Phone With Digital Answering System,Technology,Phones,5,25,3059.80,1147.42,0.37,199
Hoover WindTunnel Plus Canister Vacuum,Office Supplies,Appliances,3,9,3051.30,697.44,0.23,200
Digium D40 VoIP phone,Technology,Phones,9,27,3044.16,571.43,0.19,201
Hewlett-Packard Deskjet 3050a All-in-One Color Inkjet Printer,Technology,Machines,1,8,3040.00,1459.20,0.48,202
"Acco 7-Outlet Masterpiece Power Center, Wihtout Fax/Phone Line Protection",Office Supplies,Appliances,7,31,3039.50,401.21,0.13,203
Space Solutions HD Industrial Steel Shelving.,Office Supplies,Storage,8,27,3035.21,24.14,0.01,204
Carina Double Wide Media Storage Towers in Natural & Black,Office Supplies,Storage,12,39,3028.65,-3.24,0.00,205
Compact Automatic Electric Letter Opener,Office Supplies,Supplies,8,26,2982.75,-57.27,-0.02,206
"SAFCO PlanMaster Boards, 60w x 37-1/2d, White Melamine",Furniture,Tables,5,26,2979.00,54.72,0.02,207
O'Sullivan Living Dimensions 2-Shelf Bookcases,Furniture,Bookcases,10,28,2970.06,-78.64,-0.03,208
"Global Manager's Adjustable Task Chair, Storm",Furniture,Chairs,6,23,2959.21,493.71,0.17,209
GBC DocuBind P100 Manual Binding Machine,Office Supplies,Binders,8,27,2954.44,489.64,0.17,210
O'Sullivan Plantations 2-Door Library in Landvery Oak,Furniture,Bookcases,5,22,2946.37,-767.74,-0.26,211
"3.6 Cubic Foot Counter Height Office Refrigerator",Office Supplies,Appliances,5,18,2946.20,-872.08,-0.30,212
Aastra 6757i CT Wireless VoIP phone,Technology,Phones,6,16,2929.98,482.59,0.16,213
Novimex Swivel Fabric Task Chair,Furniture,Chairs,8,25,2913.91,-445.39,-0.15,214
ShoreTel ShorePhone IP 230 VoIP phone,Technology,Phones,4,21,2906.63,422.48,0.15,215
O'Sullivan Living Dimensions 3-Shelf Bookcases,Furniture,Bookcases,4,17,2904.16,-170.83,-0.06,216
Kensington 7 Outlet MasterPiece Power Center,Office Supplies,Appliances,5,21,2883.28,229.59,0.08,217
Logitech Wireless Gaming Headset G930,Technology,Accessories,6,21,2879.82,763.15,0.26,218
Bose SoundLink Bluetooth Speaker,Technology,Phones,5,18,2865.60,967.14,0.34,219
"Electrix Architect's Clamp-On Swing Arm Lamp, Black",Furniture,Furnishings,4,33,2863.80,627.17,0.22,220
"Lesro Round Back Collection Coffee Table, End Table",Furniture,Tables,8,20,2847.78,-328.59,-0.12,221
Okidata MB491 Multifunction Printer,Technology,Machines,2,9,2844.30,-434.13,-0.15,222
Premier Automatic Letter Opener,Office Supplies,Supplies,5,14,2836.37,-427.86,-0.15,223
Logitech Wireless Headset h800,Technology,Accessories,6,32,2799.72,719.93,0.26,224
Xerox 1915,Office Supplies,Paper,9,28,2789.01,1262.39,0.45,225
Electrix Halogen Magnifier Lamp,Furniture,Furnishings,6,17,2759.06,314.77,0.11,226
Maxell iVDR EX 500GB Cartridge,Technology,Accessories,2,10,2755.40,1184.82,0.43,227
VTech DS6151,Technology,Phones,8,25,2746.58,478.76,0.17,228
Nortel Meridian M5316 Digital phone,Technology,Phones,4,13,2744.87,253.77,0.09,229
O'Sullivan 4-Shelf Bookcase in Odessa Pine,Furniture,Bookcases,7,37,2740.20,-975.10,-0.36,230
"Carina Mini System Audio Rack, Model AR050B",Office Supplies,Storage,6,26,2730.11,-68.81,-0.03,231
"1.7 Cubic Foot Compact ""Cube"" Office Refrigerators",Office Supplies,Appliances,6,14,2706.08,578.69,0.21,232
Hon Mobius Operator's Chair,Furniture,Chairs,5,23,2705.78,499.34,0.18,233
"GE 48"" Fluorescent Tube, Cool White Energy Saver, 34 Watts, 30/Box",Furniture,Furnishings,8,29,2699.06,1260.22,0.47,234
"Bevis Round Conference Table Top, X-Base",Furniture,Tables,6,20,2671.42,-519.94,-0.19,235
Imation Bio 8GB USB Flash Drive Imation Corp,Technology,Accessories,4,16,2659.84,398.98,0.15,236
Global Highback Leather Tilter in Burgundy,Furniture,Chairs,9,34,2647.81,49.13,0.02,237
Cisco 8x8 Inc. 6753i IP Business Phone System,Technology,Phones,6,26,2645.80,83.69,0.03,238
Premier Electric Letter Opener,Office Supplies,Supplies,8,24,2641.61,0.00,0.00,239
Vtech CS6719,Technology,Phones,7,32,2630.13,418.52,0.16,240
NETGEAR AC1750 Dual Band Gigabit Smart WiFi Router,Technology,Accessories,5,18,2623.84,723.16,0.28,241
Razer Kraken 7.1 Surround Sound Over Ear USB Gaming Headset,Technology,Accessories,6,29,2619.74,995.90,0.38,242
Fellowes Bankers Box Staxonsteel Drawer File/Stacking System,Office Supplies,Storage,8,43,2612.20,153.35,0.06,243
Motorola Droid Maxx,Technology,Phones,4,21,2609.83,341.98,0.13,244
Hon Deluxe Fabric Upholstered Stacking Chairs,Furniture,Chairs,4,15,2586.19,-48.80,-0.02,245
"Stur-D-Stor Shelving, Vertical 5-Shelf: 72""H x 36""W x 18 1/2""D",Office Supplies,Storage,5,23,2552.54,51.05,0.02,246
Bevis Boat-Shaped Conference Table,Furniture,Tables,6,15,2542.47,-445.59,-0.18,247
Fellowes Powershred HS-440 4-Sheet High Security Shredder,Technology,Machines,3,17,2541.84,1092.68,0.43,248
Xerox WorkCentre 6505DN Laser Multifunction Printer,Technology,Machines,1,7,2519.96,-252.00,-0.10,249
Safco Industrial Wire Shelving System,Office Supplies,Storage,8,30,2511.05,-218.35,-0.09,250
Plantronics Calisto P620-M USB Wireless Speakerphone System,Technology,Phones,4,14,2508.67,505.65,0.20,251
Easy-staple paper,Office Supplies,Paper,46,150,2504.19,1096.03,0.44,252
Kensington 7 Outlet MasterPiece HOMEOFFICE Power Control Center,Office Supplies,Appliances,5,21,2491.28,563.82,0.23,253
Kensington 4 Outlet MasterPiece Compact Power Control Center,Office Supplies,Appliances,7,36,2488.39,380.58,0.15,254
"Rush Hierlooms Collection 1"" Thick Stackable Bookcases",Furniture,Bookcases,4,15,2487.76,410.35,0.16,255
Sensible Storage WireTech Storage Systems,Office Supplies,Storage,8,38,2484.30,-78.08,-0.03,256
Wi-Ex zBoost YX540 Cellular Phone Signal Booster,Technology,Phones,6,19,2481.15,540.02,0.22,257
Enermax Acrylux Wireless Keyboard,Technology,Accessories,6,29,2450.16,630.47,0.26,258
Panasonic KX MB2061 Multifunction Printer,Technology,Machines,1,10,2396.40,179.73,0.08,259
Global Super Steno Chair,Furniture,Chairs,7,30,2389.90,0.00,0.00,260
Harbour Creations Steel Folding Chair,Furniture,Chairs,8,34,2389.12,336.38,0.14,261
Logitech Gaming G510s - Keyboard,Technology,Accessories,8,31,2362.72,676.52,0.29,262
Swingline SM12-08 MicroCut Jam Free Shredder,Technology,Machines,3,13,2359.94,-447.99,-0.19,263
"3D Systems Cube Printer, 2nd Generation, White",Technology,Machines,2,3,2339.98,-468.00,-0.20,264
Logitech G700s Rechargeable Gaming Mouse,Technology,Accessories,9,25,2339.77,889.91,0.38,265
StarTech.com 10/100 VDSL2 Ethernet Extender Kit,Technology,Machines,4,13,2330.65,-785.76,-0.34,266
"Fellowes Mobile File Cart, Black",Office Supplies,Storage,10,40,2300.66,485.00,0.21,267
"Gould Plastics 18-Pocket Panel Bin, 34w x 5-1/4d x 20-1/2h",Office Supplies,Storage,10,28,2299.75,-172.94,-0.08,268
"Lesro Sheffield Collection Coffee Table, End Table, Center Table, Corner Table",Furniture,Tables,9,39,2298.11,-12.13,-0.01,269
Bevis Round Conference Table Top & Single Column Base,Furniture,Tables,5,19,2297.54,100.98,0.04,270
Xiaomi Mi3,Technology,Phones,1,4,2279.96,592.79,0.26,271
"Tenex 46"" x 60"" Computer Anti-Static Chairmat, Rectangular Shaped",Furniture,Furnishings,7,25,2267.97,148.37,0.07,272
GBC DocuBind P50 Personal Binding Machine,Office Supplies,Binders,10,50,2264.89,569.42,0.25,273
Cisco IP Phone 7961G-GE VoIP phone,Technology,Phones,4,15,2252.43,-119.12,-0.05,274
Plantronics S12 Corded Telephone Headset System,Technology,Accessories,6,23,2242.03,754.53,0.34,275
BPI Conference Tables,Furniture,Tables,5,26,2241.87,-795.97,-0.36,276
Plantronics HL10 Handset Lifter,Technology,Phones,3,24,2227.01,250.54,0.11,277
Konftel 250 Conference phone - Charcoal black,Technology,Phones,4,9,2221.60,324.70,0.15,278
Avanti 1.7 Cu. Ft. Refrigerator,Office Supplies,Appliances,4,24,2221.56,476.63,0.21,279
Office Star - Ergonomic Mid Back Chair with 2-Way Adjustable Arms,Furniture,Chairs,2,13,2207.96,231.65,0.10,280
"Global Value Steno Chair, Gray",Furniture,Chairs,10,43,2204.86,246.00,0.11,281
Office Star - Mesh Screen back chair with Vinyl seat,Furniture,Chairs,7,20,2200.46,-130.98,-0.06,282
"3M Polarizing Task Lamp with Clamp Arm, Light Gray",Furniture,Furnishings,4,16,2191.68,569.84,0.26,283
"Global Push Button Manager's Chair, Indigo",Furniture,Chairs,9,44,2185.95,283.75,0.13,284
Jabra Supreme Plus Driver Edition Headset,Technology,Phones,5,22,2159.82,259.18,0.12,285
Razer Kraken PRO Over Ear PC and Music Headset,Technology,Accessories,8,30,2159.73,479.94,0.22,286
Logitech G35 7.1-Channel Surround Sound Headset,Technology,Accessories,6,17,2157.83,699.35,0.32,287
Samsung Galaxy Note 3,Technology,Phones,3,13,2155.90,153.99,0.07,288
Sauder Inglewood Library Bookcases,Furniture,Bookcases,5,14,2154.35,311.18,0.14,289
KI Conference Tables,Furniture,Tables,8,44,2140.88,-479.22,-0.22,290
Mitel 5320 IP Phone VoIP phone,Technology,Phones,4,14,2116.69,211.67,0.10,291
Imation Bio 2GB USB Flash Drive Imation Corp,Technology,Accessories,3,16,2098.88,881.53,0.42,292
Laminate Occasional Tables,Furniture,Tables,3,18,2096.17,-206.53,-0.10,293
"Rubbermaid ClusterMat Chairmats, Mat Size- 66"" x 60"", Lip 20"" x 11"" -90 Degree Angle",Furniture,Furnishings,5,24,2064.23,-173.13,-0.08,294
Cisco SPA 502G IP Phone,Technology,Phones,5,21,2063.14,299.88,0.15,295
"Tenex Chairmat w/ Average Lip, 45"" x 53""",Furniture,Furnishings,4,19,2058.50,-529.76,-0.26,296
HTC One Mini,Technology,Phones,4,19,2041.04,317.50,0.16,297
Hon 2111 Invitation Series Straight Table,Furniture,Tables,7,18,2040.05,-115.31,-0.06,298
"Bevis Traditional Conference Table Top, Plinth Base",Furniture,Tables,3,9,2033.50,-456.70,-0.22,299
Global Enterprise Series Seating High-Back Swivel/Tilt Chairs,Furniture,Chairs,4,10,2032.35,-460.67,-0.23,300
Jawbone MINI JAMBOX Wireless Bluetooth Speaker,Technology,Phones,5,18,2027.30,-339.71,-0.17,301
Jawbone JAMBOX Wireless Bluetooth Speaker,Technology,Phones,3,14,2022.27,872.11,0.43,302
Jabra SPEAK 410 Multidevice Speakerphone,Technology,Phones,3,13,2018.70,10.30,0.01,303
Ooma Telo VoIP Home Phone System,Technology,Phones,5,18,2015.84,314.98,0.16,304
Okidata C610n Printer,Technology,Machines,2,5,2011.90,-292.05,-0.15,305
Logitech G602 Wireless Gaming Mouse,Technology,Accessories,9,29,1999.75,515.14,0.26,306
Adtran 1202752G1,Technology,Phones,5,18,1990.64,312.46,0.16,307
"Ativa D5772 2-Line 5.8GHz Digital Expandable Corded/Cordless Phone System with Answering & Caller ID/Call Waiting, Black/Silver",Technology,Phones,4,12,1979.88,593.96,0.30,308
"Global Value Mid-Back Manager's Chair, Gray",Furniture,Chairs,10,39,1978.93,197.89,0.10,309
Space Solutions Commercial Steel Shelving,Office Supplies,Storage,7,33,1952.43,-74.35,-0.04,310
Office Star Flex Back Scooter Chair with Aluminum Finish Frame,Furniture,Chairs,6,20,1947.18,413.65,0.21,311
Harmony Air Purifier,Office Supplies,Appliances,5,13,1946.70,374.22,0.19,312
AT&T 1080 Corded phone,Technology,Phones,7,18,1945.26,145.21,0.07,313
AT&T CL83451 4-Handset Telephone,Technology,Phones,4,10,1936.31,473.78,0.24,314
Imation Secure+ Hardware Encrypted USB 2.0 Flash Drive; 16GB,Technology,Accessories,5,32,1926.94,408.74,0.21,315
Logitech Mobile Speakerphone P710e - speaker phone,Technology,Phones,5,17,1916.72,241.61,0.13,316
Plantronics Audio 995 Wireless Stereo Headset,Technology,Accessories,4,18,1913.13,587.13,0.31,317
"O'Sullivan Elevations Bookcase, Cherry Finish",Furniture,Bookcases,5,18,1912.31,-68.11,-0.04,318
"Sauder Camden County Collection Libraries, Planked Cherry Finish",Furniture,Bookcases,7,19,1909.82,-78.19,-0.04,319
Polycom SoundPoint Pro SE-225 Corded phone,Technology,Phones,4,19,1903.84,276.06,0.15,320
Bestar Classic Bookcase,Furniture,Bookcases,8,31,1897.81,-612.94,-0.32,321
Novimex Fabric Task Chair,Furniture,Chairs,9,39,1890.38,-131.11,-0.07,322
NETGEAR N750 Dual Band Wi-Fi Gigabit Router,Technology,Accessories,7,22,1890.00,622.80,0.33,323
Multicolor Computer Printout Paper,Office Supplies,Paper,5,19,1887.30,851.38,0.45,324
Nortel Networks T7316 E Nt8 B27,Technology,Phones,6,29,1876.52,397.74,0.21,325
"Sauder Forest Hills Library, Woodland Oak Finish",Furniture,Bookcases,4,15,1875.03,-70.49,-0.04,326
"Recycled Data-Pak for Archival Bound Computer Printouts, 12-1/2 x 12-1/2 x 16",Office Supplies,Storage,6,20,1857.25,414.92,0.22,327
Office Star - Contemporary Task Swivel Chair,Furniture,Chairs,6,20,1842.27,155.37,0.08,328
"Padded Folding Chairs, Black, 4/Carton",Furniture,Chairs,8,30,1830.15,80.98,0.04,329
LG G3,Technology,Phones,4,10,1803.11,411.58,0.23,330
Logitech Wireless Performance Mouse MX for PC and Mac,Technology,Accessories,7,21,1799.82,497.95,0.28,331
Xerox 189,Office Supplies,Paper,6,19,1782.45,746.53,0.42,332
Belkin 5 Outlet SurgeMaster Power Centers,Office Supplies,Appliances,10,40,1776.05,207.02,0.12,333
Office Star Flex Back Scooter Chair with White Frame,Furniture,Chairs,7,21,1775.68,-228.62,-0.13,334
Bevis Steel Folding Chairs,Furniture,Chairs,6,24,1775.07,117.06,0.07,335
GE 2-Jack Phone Line Splitter,Technology,Phones,3,11,1771.51,94.76,0.05,336
Global Deluxe Steno Chair,Furniture,Chairs,10,29,1770.54,-216.31,-0.12,337
Tennsco Regal Shelving Units,Office Supplies,Storage,4,18,1764.53,-6.08,0.00,338
Honeywell Quietcare HEPA Air Cleaner,Office Supplies,Appliances,6,23,1761.76,549.76,0.31,339
"Global Geo Office Task Chair, Gray",Furniture,Chairs,7,25,1757.27,-166.01,-0.09,340
Global Low Back Tilter Chair,Furniture,Chairs,8,21,1746.95,-246.39,-0.14,341
Xerox 1941,Office Supplies,Paper,5,19,1740.51,704.59,0.40,342
AT&T TR1909W,Technology,Phones,4,15,1738.66,340.17,0.20,343
Jabra BIZ 2300 Duo QD Duo Corded Headset,Technology,Phones,4,17,1727.06,129.53,0.08,344
First Data FD10 PIN Pad,Technology,Accessories,5,24,1722.20,15.80,0.01,345
Xerox 1908,Office Supplies,Paper,7,32,1712.99,799.39,0.47,346
"Sauder Facets Collection Locker/File Cabinet, Sky Alder Finish",Office Supplies,Storage,2,5,1706.51,222.59,0.13,347
BoxOffice By Design Rectangular and Half-Moon Meeting Room Tables,Furniture,Tables,3,15,1706.25,-1148.44,-0.67,348
Kensington Orbit Wireless Mobile Trackball for PC and Mac,Technology,Accessories,5,33,1703.72,357.54,0.21,349
Xerox 1945,Office Supplies,Paper,8,45,1696.99,756.27,0.45,350
Kensington Expert Mouse Optical USB Trackball for PC or Mac,Technology,Accessories,6,20,1690.82,360.96,0.21,351
"Global Leather & Oak Executive Chair, Burgundy",Furniture,Chairs,5,13,1689.97,-114.68,-0.07,352
Hon Comfortask Task/Swivel Chairs,Furniture,Chairs,6,18,1686.90,-36.47,-0.02,353
Staple envelope,Office Supplies,Envelopes,48,170,1686.81,751.63,0.45,354
Deflect-o DuraMat Antistatic Studded Beveled Mat for Medium Pile Carpeting,Furniture,Furnishings,5,18,1685.44,244.39,0.15,355
ClearOne Communications CHAT 70 OC Speaker Phone,Technology,Phones,4,12,1685.29,273.46,0.16,356
Polycom CX300 Desktop Phone USB VoIP phone,Technology,Phones,5,15,1679.89,60.00,0.04,357
"Eureka The Boss Plus 12-Amp Hard Box Upright Vacuum, Red",Office Supplies,Appliances,6,20,1674.40,146.51,0.09,358
Panasonic KX TS3282W Corded phone,Technology,Phones,7,25,1665.80,178.48,0.11,359
O'Sullivan Manor Hill 2-Door Library in Brianna Oak,Furniture,Bookcases,4,12,1646.92,-285.95,-0.17,360
Enermax Aurora Lite Keyboard,Technology,Accessories,5,21,1641.15,722.11,0.44,361
"Howard Miller 14-1/2"" Diameter Chrome Round Wall Clock",Furniture,Furnishings,7,29,1636.86,375.97,0.23,362
"Carina 42""Hx23 3/4""W Media Storage Unit",Office Supplies,Storage,8,22,1635.80,-110.13,-0.07,363
Motorola Moto X,Technology,Phones,2,6,1631.95,142.80,0.09,364
"Deflect-o RollaMat Studded, Beveled Mat for Medium Pile Carpeting",Furniture,Furnishings,6,26,1623.25,-343.10,-0.21,365
Panasonic KX MC6040 Color Laser Multifunction Printer,Technology,Machines,2,5,1619.82,-22.50,-0.01,366
Plantronics Audio 478 Stereo USB Headset,Technology,Accessories,9,34,1619.68,514.90,0.32,367
"Hunt PowerHouse Electric Pencil Sharpener, Blue",Office Supplies,Art,10,44,1617.95,448.16,0.28,368
Logitech G600 MMO Gaming Mouse,Technology,Accessories,8,21,1615.80,540.73,0.33,369
AT&T 841000 Phone,Technology,Phones,7,28,1614.60,165.60,0.10,370
"Iceberg Nesting Folding Chair, 19w x 6d x 43h",Furniture,Chairs,6,31,1589.41,253.84,0.16,371
AT&T 1080 Phone,Technology,Phones,3,13,1589.08,271.24,0.17,372
Mophie Juice Pack Helium for iPhone,Technology,Phones,6,24,1583.80,201.58,0.13,373
Deflect-o Glass Clear Studded Chair Mats,Furniture,Furnishings,7,26,1579.37,318.36,0.20,374
Microsoft Sculpt Comfort Mouse,Technology,Accessories,10,42,1574.03,634.41,0.40,375
GBC ProClick Punch Binding System,Office Supplies,Binders,7,31,1573.91,562.38,0.36,376
"Hon Metal Bookcases, Black",Furniture,Bookcases,5,30,1570.08,-26.97,-0.02,377
Xerox 1919,Office Supplies,Paper,9,40,1565.82,729.62,0.47,378
Cameo Buff Policy Envelopes,Office Supplies,Envelopes,8,28,1555.75,632.26,0.41,379
Luxo Adjustable Task Clamp Lamp,Furniture,Furnishings,4,18,1545.82,362.47,0.23,380
Avaya 5420 Digital phone,Technology,Phones,3,12,1538.89,323.98,0.21,381
Eureka Sanitaire  Commercial Upright,Office Supplies,Appliances,3,12,1524.53,53.03,0.03,382
Harbour Creations 67200 Series Stacking Chairs,Furniture,Chairs,8,24,1501.90,254.82,0.17,383
LG G2,Technology,Phones,1,5,1499.97,-374.99,-0.25,384
Microsoft Natural Keyboard Elite,Technology,Accessories,4,29,1497.00,20.96,0.01,385
Sony Micro Vault Click 16 GB USB 2.0 Flash Drive,Technology,Accessories,9,29,1489.33,255.31,0.17,386
Hon 4-Shelf Metal Bookcases,Furniture,Bookcases,4,22,1474.31,-191.86,-0.13,387
"Bush Westfield Collection Bookcases, Fully Assembled",Furniture,Bookcases,6,18,1473.30,73.72,0.05,388
Kensington 7 Outlet MasterPiece Power Center with Fax/Phone Line Protection,Office Supplies,Appliances,4,8,1473.11,311.22,0.21,389
"Tenex ""The Solids"" Textured Chair Mats",Furniture,Furnishings,7,26,1469.16,-40.58,-0.03,390
"Plantronics CS 50-USB - headset - Convertible, Monaural",Technology,Phones,5,13,1468.69,178.15,0.12,391
"Mini 13-1/2 Capacity Data Binder Rack, Pearl",Office Supplies,Storage,5,12,1465.74,287.91,0.20,392
"Global Leather Task Chair, Black",Furniture,Chairs,8,19,1448.84,63.89,0.04,393
"SAFCO Commercial Wire Shelving, 72h",Office Supplies,Storage,5,24,1445.26,-24.50,-0.02,394
Nokia Lumia 1020,Technology,Phones,1,4,1439.97,144.00,0.10,395
"Leather Task Chair, Black",Furniture,Chairs,6,19,1437.48,54.59,0.04,396
"Bush Andora Conference Table, Maple/Graphite Gray Finish",Furniture,Tables,4,12,1436.23,-143.62,-0.10,397
Xerox 1893,Office Supplies,Paper,11,39,1434.65,619.36,0.43,398
Eldon Antistatic Chair Mats for Low to Medium Pile Carpets,Furniture,Furnishings,4,14,1431.94,46.33,0.03,399
"Sauder Facets Collection Library, Sky Alder Finish",Furniture,Bookcases,4,10,1427.68,-8.55,-0.01,400
"Bush Westfield Collection Bookcases, Medium Cherry Finish",Furniture,Bookcases,9,32,1426.89,-20.29,-0.01,401
Fellowes Bankers Box Stor/Drawer Steel Plus,Office Supplies,Storage,12,50,1426.31,-12.79,-0.01,402
Global Deluxe Office Fabric Chairs,Furniture,Chairs,6,17,1420.50,229.39,0.16,403
Logitech Wireless Marathon Mouse M705,Technology,Accessories,8,30,1409.72,554.89,0.39,404
Logitech 910-002974 M325 Wireless Mouse for Web Scrolling,Technology,Accessories,15,52,1409.53,536.22,0.38,405
"Belkin 19"" Vented Equipment Shelf, Black",Office Supplies,Storage,10,31,1400.26,-179.67,-0.13,406
Logitech G500s Laser Gaming Mouse with Adjustable Weight Tuning,Technology,Accessories,4,21,1399.80,429.74,0.31,407
"Global Armless Task Chair, Royal Blue",Furniture,Chairs,8,28,1396.44,-20.73,-0.01,408
Hewlett-Packard Deskjet 6540 Color Inkjet Printer,Technology,Machines,2,6,1396.21,139.62,0.10,409
Avaya IP Phone 1140E VoIP phone,Technology,Phones,1,5,1394.95,362.69,0.26,410
Cisco CP-7937G Unified IP Conference Station Phone,Technology,Machines,2,4,1391.40,-55.66,-0.04,411
Cisco IP Phone 7961G VoIP phone - Dark gray,Technology,Phones,3,12,1386.69,228.40,0.16,412
Samsung Rugby III,Technology,Phones,8,24,1385.79,229.65,0.17,413
"Holmes Replacement Filter for HEPA Air Cleaner, Very Large Room, HEPA Filter",Office Supplies,Appliances,10,26,1383.08,381.21,0.28,414
Cisco SPA525G2 5-Line IP Phone,Technology,Machines,1,8,1379.92,648.56,0.47,415
"Belkin 325VA UPS Surge Protector, 6'",Office Supplies,Appliances,4,13,1379.17,199.62,0.14,416
Sauder Camden County Collection Library,Furniture,Bookcases,2,16,1368.26,-103.48,-0.08,417
Safco Industrial Wire Shelving,Office Supplies,Storage,5,16,1363.06,-126.71,-0.09,418
Ames Color-File Green Diamond Border X-ray Mailers,Office Supplies,Envelopes,4,18,1360.48,559.31,0.41,419
Airmail Envelopes,Office Supplies,Envelopes,6,19,1359.67,514.49,0.38,420
Plantronics Voyager Pro Legend,Technology,Phones,3,8,1359.53,173.03,0.13,421
DYMO CardScan Personal V9 Business Card Scanner,Technology,Machines,3,11,1343.92,463.97,0.35,422
Novimex Turbo Task Chair,Furniture,Chairs,6,22,1341.52,-32.65,-0.02,423
Apple iPhone 5C,Technology,Phones,4,15,1339.87,229.98,0.17,424
AT&T 17929 Lendline Telephone,Technology,Phones,10,35,1339.10,167.39,0.13,425
Luxo Professional Combination Clamp-On Lamps,Furniture,Furnishings,5,13,1329.90,345.77,0.26,426
"Howard Miller 13-3/4"" Diameter Brushed Chrome Round Wall Clock",Furniture,Furnishings,9,31,1324.80,201.83,0.15,427
"Tenex Traditional Chairmats for Medium Pile Carpet, Standard Lip, 36"" x 48""",Furniture,Furnishings,6,24,1322.17,172.25,0.13,428
Xerox 1891,Office Supplies,Paper,7,30,1320.57,542.90,0.41,429
"Hon Metal Bookcases, Putty",Furniture,Bookcases,5,19,1320.23,362.71,0.27,430
Honeywell Enviracaire Portable HEPA Air Cleaner for up to 10 x 16 Room,Office Supplies,Appliances,3,12,1320.17,417.02,0.32,431
Avery Arch Ring Binders,Office Supplies,Binders,10,40,1318.87,87.15,0.07,432
Office Star - Ergonomically Designed Knee Chair,Furniture,Chairs,7,19,1311.88,-42.11,-0.03,433
Nokia Lumia 925,Technology,Phones,3,11,1310.30,284.74,0.22,434
Eldon Cleatmat Plus Chair Mats for High Pile Carpets,Furniture,Furnishings,5,20,1304.13,-111.33,-0.09,435
"Hon 30"" x 60"" Table with Locking Drawer",Furniture,Tables,3,6,1296.03,-177.35,-0.14,436
GBC Recycled Regency Composition Covers,Office Supplies,Binders,6,26,1291.25,451.94,0.35,437
Fellowes Recycled Storage Drawers,Office Supplies,Storage,3,12,1287.95,48.85,0.04,438
Star Micronics TSP800 TSP847IIU Receipt Printer,Technology,Machines,2,4,1286.85,360.32,0.28,439
Panasonic KX TS208W Corded phone,Technology,Phones,6,32,1283.54,154.81,0.12,440
Tennsco Industrial Shelving,Office Supplies,Storage,9,29,1281.44,-108.58,-0.08,441
White Computer Printout Paper by Universal,Office Supplies,Paper,8,37,1279.08,547.68,0.43,442
Luxo Professional Magnifying Clamp-On Fluorescent Lamps,Furniture,Furnishings,4,13,1268.92,106.09,0.08,443
"Hon Deluxe Fabric Upholstered Stacking Chairs, Squared Back",Furniture,Chairs,2,7,1268.70,73.19,0.06,444
Tyvek Side-Opening Peel & Seel Expanding Envelopes,Office Supplies,Envelopes,5,14,1266.72,570.02,0.45,445
Bush Somerset Collection Bookcase,Furniture,Bookcases,4,12,1263.96,-56.32,-0.04,446
Panasonic KX T7736-B Digital phone,Technology,Phones,5,10,1259.58,134.96,0.11,447
Logitech G430 Surround Sound Gaming Headset with Dolby 7.1 Technology,Technology,Accessories,4,17,1247.84,377.55,0.30,448
Tripp Lite Isotel 6 Outlet Surge Protector with Fax/Modem Protection,Office Supplies,Appliances,6,27,1243.79,74.99,0.06,449
Hon Valutask Swivel Chairs,Furniture,Chairs,4,13,1242.05,139.35,0.11,450
"SAFCO Mobile Desk Side File, Wire Frame",Office Supplies,Storage,8,31,1240.04,259.13,0.21,451
"Avery 4027 File Folder Labels for Dot Matrix Printers, 5000 Labels per Box, White",Office Supplies,Labels,11,43,1233.41,524.51,0.43,452
Maxell 4.7GB DVD-R,Technology,Accessories,11,49,1231.69,411.23,0.33,453
Xerox 1888,Office Supplies,Paper,6,24,1231.66,539.27,0.44,454
Hon 4060 Series Tables,Furniture,Tables,4,13,1231.56,96.29,0.08,455
Blue Parrot B250XT Professional Grade Wireless Bluetooth Headset with,Technology,Phones,4,21,1229.84,127.48,0.10,456
Case Logic 2.4GHz Wireless Keyboard,Technology,Accessories,8,27,1229.75,-12.00,-0.01,457
Xerox 1917,Office Supplies,Paper,5,25,1222.75,574.69,0.47,458
Plantronics Voyager Pro HD - Bluetooth Headset,Technology,Phones,5,25,1221.81,376.94,0.31,459
Satellite Sectional Post Binders,Office Supplies,Binders,11,38,1219.82,329.05,0.27,460
"Wilson Jones Ledger-Size, Piano-Hinge Binder, 2"", Blue",Office Supplies,Binders,12,47,1217.11,215.56,0.18,461
Epson TM-T88V Direct Thermal Printer - Monochrome - Desktop,Technology,Machines,2,10,1212.71,-1057.23,-0.87,462
APC 7 Outlet Network SurgeArrest Surge Protector,Office Supplies,Appliances,8,20,1207.20,80.48,0.07,463
Eldon ClusterMat Chair Mat with Cordless Antistatic Protection,Furniture,Furnishings,5,18,1200.94,-256.56,-0.21,464
"Trav-L-File Heavy-Duty Shuttle II, Black",Office Supplies,Storage,7,30,1193.82,278.85,0.23,465
Fellowes Bankers Box Recycled Super Stor/Drawer,Office Supplies,Storage,7,24,1187.56,-30.23,-0.03,466
"Howard Miller 11-1/2"" Diameter Ridgewood Wall Clock",Furniture,Furnishings,6,24,1184.23,448.76,0.38,467
SanDisk Cruzer 64 GB USB Flash Drive,Technology,Accessories,9,34,1184.03,319.62,0.27,468
GBC Therma-A-Bind 250T Electric Binding System,Office Supplies,Binders,2,12,1180.70,413.25,0.35,469
Boston Heavy-Duty Trimline Electric Pencil Sharpeners,Office Supplies,Art,5,25,1166.44,310.89,0.27,470
GE 30522EE2,Technology,Phones,3,10,1159.90,336.37,0.29,471
Logitech K350 2.4Ghz Wireless Keyboard,Technology,Accessories,5,25,1154.66,47.28,0.04,472
LG Exalt,Technology,Phones,3,12,1154.33,-212.15,-0.18,473
Logitech Illuminated - Keyboard,Technology,Accessories,6,20,1139.81,515.91,0.45,474
Panasonic KX-TG6844B Expandable Digital Cordless Telephone,Technology,Phones,7,22,1135.03,75.23,0.07,475
"File Shuttle II and Handi-File, Black",Office Supplies,Storage,7,34,1125.15,260.95,0.23,476
HTC One,Technology,Phones,4,14,1119.89,125.99,0.11,477
ClearSounds CSC500 Amplified Spirit Phone Corded phone,Technology,Phones,6,19,1119.84,162.38,0.15,478
O'Sullivan 3-Shelf Heavy-Duty Bookcases,Furniture,Bookcases,5,22,1119.19,147.09,0.13,479
Advantus Rolling Drawer Organizers,Office Supplies,Storage,6,31,1115.92,233.19,0.21,480
"Deflect-o EconoMat Studded, No Bevel Mat for Low Pile Carpeting",Furniture,Furnishings,9,33,1115.64,-125.20,-0.11,481
Dana Halogen Swing-Arm Architect Lamp,Furniture,Furnishings,6,28,1114.38,288.43,0.26,482
"Hunt BOSTON Model 1606 High-Volume Electric Pencil Sharpener, Beige",Office Supplies,Art,1,8,1113.02,111.30,0.10,483
netTALK DUO VoIP Telephone Service,Technology,Phones,7,26,1112.79,430.42,0.39,484
Hypercom P1300 Pinpad,Technology,Accessories,7,21,1108.80,275.31,0.25,485
Xerox 1988,Office Supplies,Paper,9,41,1102.89,404.29,0.37,486
Ibico Plastic Spiral Binding Combs,Office Supplies,Binders,13,47,1100.48,328.93,0.30,487
Ibico Laser Imprintable Binding System Covers,Office Supplies,Binders,8,34,1100.40,138.34,0.13,488
Xerox 1906,Office Supplies,Paper,7,32,1098.64,497.58,0.45,489
"Eaton Premium Continuous-Feed Paper, 25% Cotton, Letter Size, White, 1000 Shts/Box",Office Supplies,Paper,10,21,1098.50,492.66,0.45,490
Xerox 1934,Office Supplies,Paper,5,20,1097.21,526.21,0.48,491
Catalog Binders with Expanding Posts,Office Supplies,Binders,8,36,1089.94,-242.21,-0.22,492
"Barricks 18"" x 48"" Non-Folding Utility Table with Bottom Storage Shelf",Furniture,Tables,5,16,1088.64,-104.83,-0.10,493
Global Deluxe High-Back Office Chair in Storm,Furniture,Chairs,3,10,1087.92,-149.59,-0.14,494
Maxell LTO Ultrium - 800 GB,Technology,Accessories,8,41,1086.01,156.46,0.14,495
RCA Visys Integrated PBX 8-Line Router,Technology,Phones,5,19,1085.24,130.63,0.12,496
GBC Prestige Therm-A-Bind Covers,Office Supplies,Binders,10,39,1073.90,364.72,0.34,497
Belkin 8 Outlet Surge Protector,Office Supplies,Appliances,7,30,1073.68,188.51,0.18,498
Carina Media Storage Towers in Natural & Black,Office Supplies,Storage,5,20,1073.25,-121.96,-0.11,499
Boston 1645 Deluxe Heavier-Duty Electric Pencil Sharpener,Office Supplies,Art,7,27,1073.11,206.27,0.19,500
Recycled Steel Personal File for Standard File Folders,Office Supplies,Storage,4,20,1072.63,254.33,0.24,501
O'Sullivan Cherrywood Estates Traditional Barrister Bookcase,Furniture,Bookcases,2,9,1072.34,-78.36,-0.07,502
AT&T 1070 Corded Phone,Technology,Phones,3,12,1070.30,133.79,0.13,503
"Sauder Camden County Barrister Bookcase, Planked Cherry Finish",Furniture,Bookcases,3,10,1064.62,24.20,0.02,504
Recycled Steel Personal File for Hanging File Folders,Office Supplies,Storage,6,21,1053.03,151.66,0.14,505
"Advantus 10-Drawer Portable Organizer, Chrome Metal Frame, Smoke Drawers",Office Supplies,Storage,4,18,1051.78,277.29,0.26,506
"Howard Miller 13"" Diameter Pewter Finish Round Wall Clock",Furniture,Furnishings,7,27,1047.74,340.51,0.32,507
"Eureka The Boss Lite 10-Amp Upright Vacuum, Blue",Office Supplies,Appliances,4,13,1042.08,291.78,0.28,508
"Howard Miller 13"" Diameter Goldtone Round Wall Clock",Furniture,Furnishings,6,27,1042.07,294.31,0.28,509
GBC Twin Loop Wire Binding Elements,Office Supplies,Binders,10,47,1041.66,259.58,0.25,510
Balt Split Level Computer Training Table,Furniture,Tables,5,12,1040.62,-357.98,-0.34,511
Logitech G13 Programmable Gameboard with LCD Display,Technology,Accessories,4,14,1039.87,43.19,0.04,512
Star Micronics TSP100 TSP143LAN Receipt Printer,Technology,Machines,1,4,1035.80,269.31,0.26,513
Okidata B400 Printer,Technology,Machines,2,3,1029.60,115.83,0.11,514
Hoover Commercial Lightweight Upright Vacuum with E-Z Empty Dirt Cup,Office Supplies,Appliances,3,6,1023.35,-9.30,-0.01,515
"Snap-A-Way Black Print Carbonless Ruled Speed Letter, Triplicate",Office Supplies,Paper,6,28,1016.79,453.76,0.45,516
"Sauder Forest Hills Library with Doors, Woodland Oak Finish",Furniture,Bookcases,3,10,1014.17,-418.55,-0.41,517
"Tenex Contemporary Contur Chairmats for Low and Medium Pile Carpet, Computer, 39"" x 49""",Furniture,Furnishings,4,10,1010.78,150.54,0.15,518
"Canon Color ImageCLASS MF8580Cdw Wireless Laser All-In-One Printer, Copier, Scanner",Technology,Machines,1,3,1007.98,43.20,0.04,519
WD My Passport Ultra 1TB Portable External Hard Drive,Technology,Accessories,6,17,1007.40,33.81,0.03,520
Bevis Rectangular Conference Tables,Furniture,Tables,4,13,1007.26,-586.84,-0.58,521
Imation 16GB Mini TravelDrive USB 2.0 Flash Drive,Technology,Accessories,9,34,1007.15,342.56,0.34,522
"Eldon ""L"" Workstation Diamond Chairmat",Furniture,Furnishings,4,19,1002.94,-267.45,-0.27,523
Tenex B1-RE Series Chair Mats for Low Pile Carpets,Furniture,Furnishings,7,23,1002.36,124.61,0.12,524
Nortel Business Series Terminal T7208 Digital phone,Technology,Phones,3,9,1000.73,100.07,0.10,525
Home/Office Personal File Carts,Office Supplies,Storage,7,30,980.23,198.13,0.20,526
Xerox 1909,Office Supplies,Paper,9,40,970.78,400.98,0.41,527
Global Italian Leather Office Chair,Furniture,Chairs,2,8,969.25,204.33,0.21,528
Hon Every-Day Chair Series Swivel Task Chairs,Furniture,Chairs,3,10,967.84,12.10,0.01,529
Xerox 1885,Office Supplies,Paper,5,20,960.80,461.18,0.48,530
Xerox 1914,Office Supplies,Paper,5,19,956.30,423.74,0.44,531
"Gould Plastics 9-Pocket Panel Bin, 18-3/8w x 5-1/4d x 20-1/2h, Black",Office Supplies,Storage,6,20,953.82,-63.59,-0.07,532
Belkin Premiere Surge Master II 8-outlet surge protector,Office Supplies,Appliances,7,26,952.17,55.38,0.06,533
"Howard Miller 13-1/2"" Diameter Rosebrook Wall Clock",Furniture,Furnishings,5,17,949.03,247.57,0.26,534
Eureka The Boss Cordless Rechargeable Stick Vac,Office Supplies,Appliances,6,19,948.23,241.14,0.25,535
"Tyvek Interoffice Envelopes, 9 1/2"" x 12 1/2"", 100/Box",Office Supplies,Envelopes,5,16,939.09,421.98,0.45,536
Tripp Lite TLP810NET Broadband Surge for Modem/Fax,Office Supplies,Appliances,6,22,937.85,130.48,0.14,537
Steel Personal Filing/Posting Tote,Office Supplies,Storage,5,29,937.46,185.72,0.20,538
"Sauder Mission Library with Doors, Fruitwood Finish",Furniture,Bookcases,3,10,935.20,-125.74,-0.13,539
"Fellowes Premier Superior Surge Suppressor, 10-Outlet, With Phone and Remote",Office Supplies,Appliances,7,21,929.48,169.26,0.18,540
SanDisk Ultra 64 GB MicroSDHC Class 10 Memory Card,Technology,Accessories,6,25,927.77,37.99,0.04,541
Novimex High-Tech Fabric Mesh Task Chair,Furniture,Chairs,4,16,922.74,-133.44,-0.14,542
Riverside Furniture Stanwyck Manor Table Series,Furniture,Tables,3,5,917.92,-415.93,-0.45,543
Ativa MDM8000 8-Sheet Micro-Cut Shredder,Technology,Machines,2,11,917.90,393.26,0.43,544
Cisco SPA508G,Technology,Phones,5,15,910.66,207.87,0.23,545
"White Dual Perf Computer Printout Paper, 2700 Sheets, 1 Part, Heavyweight, 20 lbs., 14 7/8 x 11",Office Supplies,Paper,6,24,909.98,408.26,0.45,546
Plantronics Cordless Phone Headset with In-line Volume - M214C,Technology,Phones,6,27,908.70,219.84,0.24,547
LG Electronics Tone+ HBS-730 Bluetooth Headset,Technology,Phones,4,18,904.55,133.30,0.15,548
"Global Stack Chair without Arms, Black",Furniture,Chairs,7,44,901.51,44.17,0.05,549
Vinyl Sectional Post Binders,Office Supplies,Binders,11,40,901.03,147.03,0.16,550
Sony 64GB Class 10 Micro SDHC R40 Memory Card,Technology,Accessories,9,27,899.75,132.08,0.15,551
Eldon Portable Mobile Manager,Office Supplies,Storage,9,34,899.30,197.39,0.22,552
Imation Secure Drive + Hardware Encrypted USB flash drive - 16 GB,Technology,Accessories,6,24,888.97,196.03,0.22,553
SanDisk Ultra 32 GB MicroSDHC Class 10 Memory Card,Technology,Accessories,11,44,884.00,38.01,0.04,554
Cisco Small Business SPA 502G VoIP phone,Technology,Phones,4,11,882.10,58.46,0.07,555
"Safco Chair Connectors, 6/Carton",Furniture,Chairs,4,26,881.19,170.85,0.19,556
Xerox 1883,Office Supplies,Paper,7,37,881.09,354.02,0.40,557
Xerox 1960,Office Supplies,Paper,6,32,879.83,334.58,0.38,558
"Boston School Pro Electric Pencil Sharpener, 1670",Office Supplies,Art,7,32,873.64,149.94,0.17,559
"Eldon Base for stackable storage shelf, platinum",Office Supplies,Storage,7,25,872.26,-52.57,-0.06,560
Fellowes Superior 10 Outlet Split Surge Protector,Office Supplies,Appliances,9,30,867.77,57.09,0.07,561
Executive Impressions Supervisor Wall Clock,Furniture,Furnishings,4,21,867.26,266.07,0.31,562
Xerox 1913,Office Supplies,Paper,5,17,865.49,375.05,0.43,563
Fellowes Bases and Tops For Staxonsteel/High-Stak Systems,Office Supplies,Storage,10,26,858.88,201.07,0.23,564
"Safco Value Mate Series Steel Bookcases, Baked Enamel Finish on Steel, Gray",Furniture,Bookcases,6,17,858.86,-9.94,-0.01,565
Green Bar Computer Printout Paper,Office Supplies,Paper,5,17,857.38,380.87,0.44,566
"Hon Metal Bookcases, Gray",Furniture,Bookcases,2,12,851.76,229.98,0.27,567
"Belkin 19"" Center-Weighted Shelf, Gray",Office Supplies,Storage,4,16,849.31,-47.18,-0.06,568
Panasonic Kx-TS550,Technology,Phones,7,23,846.22,95.20,0.11,569
Plantronics 81402,Technology,Phones,4,15,844.67,112.18,0.13,570
GBC VeloBinder Manual Binding System,Office Supplies,Binders,8,30,842.17,280.72,0.33,571
"Wilson Jones Elliptical Ring 3 1/2"" Capacity Binders, 800 sheets",Office Supplies,Binders,8,42,834.60,-82.18,-0.10,572
Motorola HK250 Universal Bluetooth Headset,Technology,Phones,9,41,832.24,-91.50,-0.11,573
Xerox 1916,Office Supplies,Paper,7,20,831.98,342.58,0.41,574
Balt Solid Wood Rectangular Table,Furniture,Tables,4,11,828.10,-216.26,-0.26,575
Safco Industrial Shelving,Office Supplies,Storage,5,13,827.12,-104.13,-0.13,576
"Bush Birmingham Collection Bookcase, Dark Cherry",Furniture,Bookcases,1,9,825.17,-117.88,-0.14,577
Tripp Lite Isotel 8 Ultra 8 Outlet Metal Surge,Office Supplies,Appliances,3,16,823.25,-17.03,-0.02,578
"Advantus Employee of the Month Certificate Frame, 11 x 13-1/2",Furniture,Furnishings,5,28,822.74,311.77,0.38,579
Global Chrome Stack Chair,Furniture,Chairs,6,32,815.86,15.08,0.02,580
Kensington 6 Outlet MasterPiece HOMEOFFICE Power Control Center,Office Supplies,Appliances,2,9,812.16,235.53,0.29,581
Grandstream GXP1160 VoIP phone,Technology,Phones,6,24,803.69,157.71,0.20,582
"Global Stack Chair with Arms, Black",Furniture,Chairs,7,31,803.46,125.02,0.16,583
"Safco Value Mate Steel Bookcase, Baked Enamel Finish on Steel, Black",Furniture,Bookcases,3,14,802.07,106.47,0.13,584
Logitech MX Performance Wireless Mouse,Technology,Accessories,7,23,789.82,211.82,0.27,585
Howard Miller 12-3/4 Diameter Accuwave DS  Wall Clock,Furniture,Furnishings,2,14,786.90,147.94,0.19,586
"Blue String-Tie & Button Interoffice Envelopes, 10 x 13",Office Supplies,Envelopes,7,22,783.61,299.85,0.38,587
GBC Premium Transparent Covers with Diagonal Lined Pattern,Office Supplies,Binders,14,67,780.46,49.51,0.06,588
JBL Micro Wireless Portable Bluetooth Speaker,Technology,Phones,6,17,779.87,15.00,0.02,589
Logitech Desktop MK120 Mouse and keyboard Combo,Technology,Accessories,12,50,778.74,42.54,0.05,590
Eldon Radial Chair Mat for Low to Medium Pile Carpets,Furniture,Furnishings,6,20,775.61,135.93,0.18,591
Logitech Trackman Marble Mouse,Technology,Accessories,9,28,773.74,286.70,0.37,592
Belkin F9G930V10-GRY 9 Outlet Surge,Office Supplies,Appliances,5,16,770.11,162.58,0.21,593
Xerox 191,Office Supplies,Paper,10,39,767.23,354.25,0.46,594
"Global Deluxe Stacking Chair, Gray",Furniture,Chairs,7,19,764.70,76.98,0.10,595
"Tenex Carpeted, Granite-Look or Clear Contemporary Contour Shape Chair Mats",Furniture,Furnishings,5,15,763.67,-222.74,-0.29,596
Logitech G105 Gaming Keyboard,Technology,Accessories,5,14,759.94,78.37,0.10,597
Fellowes 8 Outlet Superior Workstation Surge Protector,Office Supplies,Appliances,5,20,759.12,166.84,0.22,598
AT&T CL2909,Technology,Phones,3,8,755.94,50.40,0.07,599
Xerox 1951,Office Supplies,Paper,6,30,755.91,244.74,0.32,600
Staples,Office Supplies,Fasteners,46,215,755.47,292.21,0.39,601
Sauder Barrister Bookcases,Furniture,Bookcases,3,16,754.73,-294.77,-0.39,602
Premium Transparent Presentation Covers by GBC,Office Supplies,Binders,10,43,753.18,284.07,0.38,603
Clarity 53712,Technology,Phones,4,14,752.29,68.63,0.09,604
Ibico Recycled Linen-Style Covers,Office Supplies,Binders,4,24,749.95,262.48,0.35,605
Bush Mission Pointe Library,Furniture,Bookcases,3,6,748.86,24.16,0.03,606
Innergie mMini Combo Duo USB Travel Charging Kit,Technology,Phones,6,19,746.83,302.33,0.40,607
Plantronics Encore H101 Dual Earpieces Headset,Technology,Phones,7,18,746.17,163.62,0.22,608
Xerox 1943,Office Supplies,Paper,4,16,743.43,328.68,0.44,609
"Logitech B530 USB Headset - headset - Full size, Binaural",Technology,Phones,10,25,739.80,64.73,0.09,610
Belkin 8 Outlet SurgeMaster II Gold Surge Protector,Office Supplies,Appliances,5,15,737.75,89.97,0.12,611
"Bush Cubix Collection Bookcases, Fully Assembled",Furniture,Bookcases,3,4,729.23,48.62,0.07,612
RCA ViSYS 25825 Wireless digital phone,Technology,Phones,2,7,727.94,90.99,0.13,613
O'Sullivan 2-Shelf Heavy-Duty Bookcases,Furniture,Bookcases,6,21,723.84,-133.11,-0.18,614
Lexmark MarkNet N8150 Wireless Print Server,Technology,Machines,2,6,723.51,-506.46,-0.70,615
Xerox 1964,Office Supplies,Paper,4,33,721.74,314.74,0.44,616
Memorex Mini Travel Drive 16 GB USB 2.0 Flash Drive,Technology,Accessories,6,45,718.65,280.27,0.39,617
Avaya 4621SW VoIP phone,Technology,Phones,4,12,709.92,79.87,0.11,618
Eldon Mobile Mega Data Cart  Mega Stackable  Add-On Trays,Office Supplies,Storage,6,30,709.50,205.76,0.29,619
WD My Passport Ultra 500GB Portable External Hard Drive,Technology,Accessories,4,12,708.00,120.36,0.17,620
SAFCO Folding Chair Trolley,Furniture,Chairs,3,6,705.32,151.32,0.21,621
Panasonic KP-380BK Classic Electric Pencil Sharpener,Office Supplies,Art,6,22,705.21,111.54,0.16,622
Lock-Up Easel 'Spel-Binder',Office Supplies,Binders,7,44,704.69,39.37,0.06,623
Zebra GK420t Direct Thermal/Thermal Transfer Printer,Technology,Machines,1,6,703.71,-938.28,-1.33,624
"Deflect-o EconoMat Nonstudded, No Bevel Mat",Furniture,Furnishings,3,14,702.44,123.96,0.18,625
iHome FM Clock Radio with Lightning Dock,Technology,Phones,5,13,699.90,17.50,0.03,626
"Premium Transparent Presentation Covers, No Pattern/Clear, 8 1/2"" x 11""",Office Supplies,Binders,7,29,698.04,90.75,0.13,627
"Office Star - Contemporary Task Swivel chair with 2-way adjustable arms, Plum",Furniture,Chairs,2,7,694.19,-158.49,-0.23,628
Euro-Pro Shark Turbo Vacuum,Office Supplies,Appliances,6,24,693.95,143.75,0.21,629
OtterBox Defender Series Case - Samsung Galaxy S4,Technology,Phones,8,27,689.77,122.96,0.18,630
Samsung Convoy 3,Technology,Phones,2,9,688.14,-31.08,-0.05,631
"Metal Folding Chairs, Beige, 4/Carton",Furniture,Chairs,5,23,685.59,115.74,0.17,632
Tops White Computer Printout Paper,Office Supplies,Paper,4,14,684.74,321.83,0.47,633
Safco Steel Mobile File Cart,Office Supplies,Storage,5,9,683.55,120.87,0.18,634
"Howard Miller 11-1/2"" Diameter Brentwood Wall Clock",Furniture,Furnishings,4,17,681.45,256.19,0.38,635
Flat Face Poster Frame,Furniture,Furnishings,12,51,678.24,120.95,0.18,636
Holmes Harmony HEPA Air Purifier for 17 x 20 Room,Office Supplies,Appliances,1,3,675.12,290.30,0.43,637
"Deflect-o DuraMat Lighweight, Studded, Beveled Mat for Low Pile Carpeting",Furniture,Furnishings,6,17,673.87,72.08,0.11,638
Hunt Boston Vacuum Mount KS Pencil Sharpener,Office Supplies,Art,5,20,671.81,153.96,0.23,639
Tuf-Vin Binders,Office Supplies,Binders,7,26,669.50,234.32,0.35,640
Binding Machine Supplies,Office Supplies,Binders,9,32,667.99,182.60,0.27,641
Fellowes 8 Outlet Superior Workstation Surge Protector w/o Phone/Fax/Modem Protection,Office Supplies,Appliances,5,25,665.68,43.71,0.07,642
Fellowes Command Center 5-outlet power strip,Office Supplies,Appliances,4,15,664.83,-78.02,-0.12,643
"GBC Velobind Prepunched Cover Sets, Regency Series",Office Supplies,Binders,7,33,661.94,-9.25,-0.01,644
Panasonic KX T7731-B Digital phone,Technology,Phones,3,8,659.93,75.99,0.12,645
Surelock Post Binders,Office Supplies,Binders,8,29,653.98,210.86,0.32,646
Hon 61000 Series Interactive Training Tables,Furniture,Tables,9,22,653.12,-148.40,-0.23,647
Xerox 1886,Office Supplies,Paper,5,14,651.44,302.73,0.46,648
"Bush Westfield Collection Bookcases, Dark Cherry Finish",Furniture,Bookcases,3,14,649.38,-97.41,-0.15,649
Belkin 8 Outlet SurgeMaster II Gold Surge Protector with Phone Protection,Office Supplies,Appliances,1,8,647.84,168.44,0.26,650
Avery 485,Office Supplies,Labels,8,51,639.03,300.34,0.47,651
Safco Drafting Table,Furniture,Tables,4,12,638.82,34.07,0.05,652
DAX Wood Document Frame,Furniture,Furnishings,13,56,637.07,134.01,0.21,653
"Computer Room Manger, 14""",Furniture,Furnishings,7,22,636.61,179.29,0.28,654
"Strathmore #10 Envelopes, Ultimate White",Office Supplies,Envelopes,4,12,632.52,309.94,0.49,655
Belkin 7 Outlet SurgeMaster II,Office Supplies,Appliances,3,16,631.68,176.87,0.28,656
"TRENDnet 56K USB 2.0 Phone, Internet and Fax Modem",Technology,Accessories,5,25,626.54,212.30,0.34,657
Avaya 5410 Digital phone,Technology,Phones,4,13,625.51,-10.88,-0.02,658
Xerox 1880,Office Supplies,Paper,5,18,623.74,285.65,0.46,659
"BOSTON Ranger #55 Pencil Sharpener, Black",Office Supplies,Art,9,27,618.56,120.33,0.19,660
Plantronics MX500i Earset,Technology,Phones,7,15,618.48,-6.44,-0.01,661
Xerox 1882,Office Supplies,Paper,5,12,615.78,273.18,0.44,662
Xerox 1940,Office Supplies,Paper,4,12,615.55,279.20,0.45,663
Eldon ProFile File 'N Store Portable File Tub Letter/Legal Size Black,Office Supplies,Storage,7,35,614.06,127.45,0.21,664
"Companion Letter/Legal File, Black",Office Supplies,Storage,5,17,611.71,149.53,0.24,665
"Performers Binder/Pad Holder, Black",Office Supplies,Binders,8,36,611.05,106.51,0.17,666
"Tyvek  Top-Opening Peel & Seel  Envelopes, Gray",Office Supplies,Envelopes,3,17,610.98,274.94,0.45,667
Motorola L804,Technology,Phones,6,19,607.07,-13.34,-0.02,668
Xblue XB-1670-86 X16 Small Office Telephone - Titanium,Technology,Phones,2,5,604.75,132.29,0.22,669
Xerox 1911,Office Supplies,Paper,5,13,603.54,279.74,0.46,670
Office Star - Task Chair with Contemporary Loop Arms,Furniture,Chairs,2,8,600.47,47.31,0.08,671
Lexmark 20R1285 X6650 Wireless All-in-One Printer,Technology,Machines,2,6,600.00,218.40,0.36,672
Anker Astro 15000mAh USB Portable Charger,Technology,Phones,5,13,599.88,-24.00,-0.04,673
"Contico 72""H Heavy-Duty Storage System",Office Supplies,Storage,5,16,598.31,-57.37,-0.10,674
Hewlett-Packard Deskjet 5550 Printer,Technology,Machines,1,3,597.13,49.76,0.08,675
Xerox 1942,Office Supplies,Paper,6,13,597.07,278.96,0.47,676
Grandstream GXP2100 Mainstream Business Phone,Technology,Phones,4,10,596.62,45.89,0.08,677
"Xerox Color Copier Paper, 11"" x 17"", Ream",Office Supplies,Paper,6,27,593.84,260.83,0.44,678
Microsoft Wireless Mobile Mouse 4000,Technology,Accessories,4,15,591.85,183.95,0.31,679
Panasonic KX TS3282B Corded phone,Technology,Phones,3,9,590.33,44.27,0.08,680
Xerox 1910,Office Supplies,Paper,5,14,586.09,236.36,0.40,681
Wilson Jones Century Plastic Molded Ring Binders,Office Supplies,Binders,10,48,583.64,55.25,0.09,682
Sony Micro Vault Click 8 GB USB 2.0 Flash Drive,Technology,Accessories,4,13,582.68,57.33,0.10,683
Fellowes Econo/Stor Drawers,Office Supplies,Storage,2,7,581.58,-56.22,-0.10,684
"Dana Fluorescent Magnifying Lamp, White, 36""",Furniture,Furnishings,4,14,581.17,81.57,0.14,685
Canon PC170 Desktop Personal Copier,Technology,Machines,2,6,575.82,67.18,0.12,686
Xerox 1991,Office Supplies,Paper,6,26,575.57,254.89,0.44,687
"Howard Miller 16"" Diameter Gallery Wall Clock",Furniture,Furnishings,4,12,575.46,107.42,0.19,688
Avery 477,Office Supplies,Labels,4,20,573.96,244.24,0.43,689
Panasonic KP-150 Electric Pencil Sharpener,Office Supplies,Art,4,16,573.65,126.81,0.22,690
Xerox 1944,Office Supplies,Paper,6,16,573.65,257.37,0.45,690
PureGear Roll-On Screen Protector,Technology,Phones,5,34,571.71,218.29,0.38,692
First Data TMFD35 PIN Pad,Technology,Accessories,2,4,571.20,119.95,0.21,693
"Tyvek  Top-Opening Peel & Seel Envelopes, Plain White",Office Supplies,Envelopes,7,24,570.78,225.05,0.39,694
"Green Canvas Binder for 8-1/2"" x 14"" Sheets",Office Supplies,Binders,5,19,569.24,162.64,0.29,695
Sanford 52201 APSCO Electric Pencil Sharpener,Office Supplies,Art,4,14,565.39,140.94,0.25,696
Belkin F8E887 USB Wired Ergonomic Keyboard,Technology,Accessories,8,21,563.81,66.28,0.12,697
Eldon Advantage Chair Mats for Low to Medium Pile Carpets,Furniture,Furnishings,5,13,563.03,56.30,0.10,698
Belkin F9M820V08 8 Outlet Surge,Office Supplies,Appliances,3,15,558.74,101.00,0.18,699
Microsoft Natural Ergonomic Keyboard 4000,Technology,Accessories,5,19,557.81,107.66,0.19,700
Memorex Micro Travel Drive 16 GB,Technology,Accessories,6,39,556.45,126.16,0.23,701
Wilson Jones Heavy-Duty Casebound Ring Binders with Metal Hinges,Office Supplies,Binders,6,22,554.24,157.96,0.28,702
Jet-Pak Recycled Peel 'N' Seal Padded Mailers,Office Supplies,Envelopes,4,19,552.71,177.66,0.32,703
Logitech Wireless Anywhere Mouse MX for PC and Mac,Technology,Accessories,3,11,551.91,89.99,0.16,704
"12-1/2 Diameter Round Wall Clock",Furniture,Furnishings,8,36,551.45,91.11,0.17,705
Kensington SlimBlade Notebook Wireless Mouse with Nano Receiver,Technology,Accessories,4,13,549.89,120.98,0.22,706
"Conquest 14 Commercial Heavy-Duty Upright Vacuum, Collection System, Accessory Kit",Office Supplies,Appliances,4,12,546.82,61.52,0.11,707
"Eldon Delta Triangular Chair Mat, 52"" x 58"", Clear",Furniture,Furnishings,6,17,546.19,17.45,0.03,708
Panasonic Business Telephones KX-T7736,Technology,Phones,1,3,546.06,163.82,0.30,709
"Avery Trapezoid Ring Binder, 3"" Capacity, Black, 1040 sheets",Office Supplies,Binders,7,22,545.03,85.24,0.16,710
Memorex Mini Travel Drive 64 GB USB 2.0 Flash Drive,Technology,Accessories,6,15,543.60,228.31,0.42,711
Xerox 1884,Office Supplies,Paper,8,32,543.46,204.60,0.38,712
I Need's 3d Hello Kitty Hybrid Silicone Case Cover for HTC One X 4g with 3d Hello Kitty Stylus Pen Green/pink,Technology,Phones,10,52,542.98,95.20,0.18,713
O'Sullivan 5-Shelf Heavy-Duty Bookcases,Furniture,Bookcases,4,9,540.80,-12.29,-0.02,714
Xerox 1935,Office Supplies,Paper,4,21,538.15,239.00,0.44,715
Memorex Froggy Flash Drive 8 GB,Technology,Accessories,8,32,536.05,189.57,0.35,716
Tensor Computer Mounted Lamp,Furniture,Furnishings,8,36,536.04,144.73,0.27,717
Boston KS Multi-Size Manual Pencil Sharpener,Office Supplies,Art,7,25,533.37,119.55,0.22,718
Logitech ClearChat Comfort/USB Headset H390,Technology,Accessories,6,19,533.08,160.22,0.30,719
Wilson Jones Legal Size Ring Binders,Office Supplies,Binders,9,44,532.16,48.38,0.09,720
Howard Miller Distant Time Traveler Alarm Clock,Furniture,Furnishings,6,21,531.95,192.21,0.36,721
Newell 334,Office Supplies,Art,6,27,531.71,135.31,0.25,722
Staple holder,Office Supplies,Appliances,13,52,528.78,118.00,0.22,723
Southworth 25% Cotton Premium Laser Paper and Envelopes,Office Supplies,Paper,5,28,527.47,236.56,0.45,724
"Premier Elliptical Ring Binder, Black",Office Supplies,Binders,9,46,526.61,-201.51,-0.38,725
"Boston Electric Pencil Sharpener, Model 1818, Charcoal Black",Office Supplies,Art,8,20,523.59,118.23,0.23,726
Space Solutions Industrial Galvanized Steel Shelving.,Office Supplies,Storage,3,7,520.08,-20.49,-0.04,727
Bevis Round Conference Room Tables and Bases,Furniture,Tables,2,4,519.94,-39.44,-0.08,728
Rogers Profile Extra Capacity Storage Tub,Office Supplies,Storage,7,32,518.94,4.69,0.01,729
"Decoflex Hanging Personal Folder File, Blue",Office Supplies,Storage,9,35,518.11,124.13,0.24,730
Alphabetical Labels for Top Tab Filing,Office Supplies,Labels,9,37,518.00,244.20,0.47,731
"Tenex Personal Project File with Scoop Front Design, Black",Office Supplies,Storage,10,40,517.63,118.62,0.23,732
Xerox 1889,Office Supplies,Paper,3,10,516.62,236.33,0.46,733
Cisco SPA112 2 Port Phone Adapter,Technology,Phones,3,11,516.53,87.37,0.17,734
Belkin F9H710-06 7 Outlet SurgeMaster Surge Protector,Office Supplies,Appliances,8,29,516.22,122.84,0.24,735
Nokia Lumia 521 (T-Mobile),Technology,Phones,5,20,515.83,83.97,0.16,736
Bionaire Personal Warm Mist Humidifier/Vaporizer,Office Supplies,Appliances,3,11,515.79,201.16,0.39,737
"C-Line Cubicle Keepers Polyproplyene Holder w/Velcro Back, 8-1/2x11, 25/Bx",Furniture,Furnishings,4,13,514.56,23.54,0.05,738
DAX Natural Wood-Tone Poster Frame,Furniture,Furnishings,5,23,513.71,123.93,0.24,739
Xerox 1887,Office Supplies,Paper,8,30,512.19,216.26,0.42,740
Newell 319,Office Supplies,Art,8,28,511.87,123.01,0.24,741
"DataProducts Ampli Magnifier Task Lamp, Black,",Furniture,Furnishings,5,21,508.73,99.58,0.20,742
Socket Bluetooth Cordless Hand Scanner (CHS),Technology,Machines,1,3,506.28,177.20,0.35,743
Deluxe Heavy-Duty Vinyl Round Ring Binder,Office Supplies,Binders,7,33,504.24,88.24,0.18,744
Logitech Media Keyboard K200,Technology,Accessories,4,16,503.86,50.39,0.10,745
"Maxell 74 Minute CD-R Spindle, 50/Pack",Technology,Accessories,5,24,503.28,181.18,0.36,746
Xerox 197,Office Supplies,Paper,3,18,501.88,195.17,0.39,747
"Howard Miller 11-1/2"" Diameter Grantwood Wall Clock",Furniture,Furnishings,6,14,500.31,101.79,0.20,748
Anker Ultra-Slim Mini Bluetooth 3.0 Wireless Keyboard,Technology,Accessories,5,26,499.75,99.55,0.20,749
Xerox 1937,Office Supplies,Paper,4,12,499.62,199.85,0.40,750
Jensen SMPS-640 - speaker phone,Technology,Phones,4,12,496.58,88.28,0.18,751
"BOSTON Model 1800 Electric Pencil Sharpeners, Putty/Woodgrain",Office Supplies,Art,6,30,496.25,113.27,0.23,752
GBC VeloBinder Electric Binding Machine,Office Supplies,Binders,4,15,496.02,-411.33,-0.83,753
GE DSL Phone Line Filter,Technology,Phones,4,15,495.88,69.98,0.14,754
Belkin QODE FastFit Bluetooth Keyboard,Technology,Accessories,2,9,495.60,16.11,0.03,755
Anker Ultrathin Bluetooth Wireless Keyboard Aluminum Cover with Stand,Technology,Accessories,4,17,491.84,32.99,0.07,756
Samsung HM1900 Bluetooth Headset,Technology,Phones,7,27,491.68,195.36,0.40,757
Xerox 1925,Office Supplies,Paper,6,18,489.48,182.78,0.37,758
Rush Hierlooms Collection Rich Wood Bookcases,Furniture,Bookcases,2,4,489.38,-70.83,-0.14,759
"#10 White Business Envelopes,4 1/8 x 9 1/2",Office Supplies,Envelopes,7,32,488.90,223.14,0.46,760
Clearsounds A400,Technology,Phones,3,11,488.33,-48.83,-0.10,761
"24-Hour Round Wall Clock",Furniture,Furnishings,6,27,487.51,180.02,0.37,762
GBC Recycled VeloBinder Covers,Office Supplies,Binders,8,42,487.34,100.88,0.21,763
Safco Commercial Shelving,Office Supplies,Storage,5,11,483.70,-7.44,-0.02,764
"Sortfiler Multipurpose Personal File Organizer, Black",Office Supplies,Storage,6,24,483.41,118.93,0.25,765
AT&T CL82213,Technology,Phones,5,17,481.23,131.33,0.27,766
Fellowes Neat Ideas Storage Cubes,Office Supplies,Storage,7,16,480.70,-18.19,-0.04,767
NeatDesk Desktop Scanner & Digital Filing System,Technology,Machines,1,2,479.99,56.00,0.12,768
Cherry 142-key Programmable Keyboard,Technology,Accessories,1,4,479.72,52.77,0.11,769
"Howard Miller 12"" Round Wall Clock",Furniture,Furnishings,2,14,479.34,127.30,0.27,770
Staples in misc. colors,Office Supplies,Art,19,86,478.81,124.05,0.26,771
Kingston Digital DataTraveler 16GB USB 2.0,Technology,Accessories,13,57,477.93,64.71,0.14,772
"iKross Bluetooth Portable Keyboard + Cell Phone Stand Holder + Brush for Apple iPhone 5S 5C 5, 4S 4",Technology,Phones,5,24,477.66,115.64,0.24,773
Fellowes Super Stor/Drawer,Office Supplies,Storage,4,18,477.30,67.71,0.14,774
Newell 345,Office Supplies,Art,9,26,476.16,94.44,0.20,775
AT&T SB67148 SynJ,Technology,Phones,3,8,475.13,89.75,0.19,776
"Memorex 25GB 6X Branded Blu-Ray Recordable Disc, 30/Pack",Technology,Accessories,4,17,472.86,-32.27,-0.07,777
Enermax Briskie RF Wireless Keyboard and Mouse Combo,Technology,Accessories,5,24,469.40,150.38,0.32,778
"Tenex V2T-RE Standard Weight Series Chair Mat, 45"" x 53"", Lip 25"" x 12""",Furniture,Furnishings,3,7,468.47,51.11,0.11,779
Dexim XPower Skin Super-Thin Power Case for iPhone 5 - Black,Technology,Phones,3,11,467.92,-14.62,-0.03,780
Tenex Chairmats For Use with Hard Floors,Furniture,Furnishings,6,20,467.71,-129.92,-0.28,781
Jackery Bar Premium Fast-charging Portable Charger,Technology,Phones,4,18,467.22,192.28,0.41,782
Imation 32GB Pocket Pro USB 3.0 Flash Drive - 32 GB - Black - 1 P ...,Technology,Accessories,5,18,467.22,143.76,0.31,782
"Seth Thomas 14"" Day/Date Wall Clock",Furniture,Furnishings,6,17,467.07,162.05,0.35,784
GBC Recycled Grain Textured Covers,Office Supplies,Binders,5,20,466.29,107.07,0.23,785
GBC Standard Therm-A-Bind Covers,Office Supplies,Binders,12,34,466.00,8.47,0.02,786
Ricoh - Ink Collector Unit for GX3000 Series Printers,Technology,Machines,3,14,465.65,36.92,0.08,787
Belkin F5C206VTEL 6 Outlet Surge,Office Supplies,Appliances,7,22,464.20,110.30,0.24,788
Electrix Fluorescent Magnifier Lamps & Weighted Base,Furniture,Furnishings,2,11,463.80,73.02,0.16,789
"Global Task Chair, Black",Furniture,Chairs,5,12,463.10,-80.41,-0.17,790
V7 USB Numeric Keypad,Technology,Accessories,4,16,461.87,-58.78,-0.13,791
Newell 34,Office Supplies,Art,7,25,460.29,93.25,0.20,792
"Personal Filing Tote with Lid, Black/Gray",Office Supplies,Storage,8,31,459.10,112.91,0.25,793
"Acme Hot Forged Carbon Steel Scissors with Nickel-Plated Handles, 3 7/8"" Cut, 8""L",Office Supplies,Supplies,7,36,458.70,103.42,0.23,794
"IBM Multi-Purpose Copy Paper, 8 1/2 x 11"", Case",Office Supplies,Paper,6,16,458.50,185.88,0.41,795
Acco Perma 4000 Stacking Storage Drawers,Office Supplies,Storage,11,31,457.97,30.04,0.07,796
DAX Black Cherry Wood-Tone Poster Frame,Furniture,Furnishings,8,24,455.46,61.43,0.13,797
"9-3/4 Diameter Round Wall Clock",Furniture,Furnishings,8,34,455.07,183.13,0.40,798
Xerox 1881,Office Supplies,Paper,11,38,454.36,207.04,0.46,799
Panasonic KX - TS880B Telephone,Technology,Phones,3,11,453.42,122.42,0.27,800
"Acco Smartsocket Table Surge Protector, 6 Color-Coded Adapter Outlets",Office Supplies,Appliances,3,8,452.97,105.49,0.23,801
Poly Designer Cover & Back,Office Supplies,Binders,7,35,451.96,106.34,0.24,802
"HP Officejet Pro 8600 e-All-In-One Printer, Copier, Scanner, Fax",Technology,Machines,2,4,449.97,48.00,0.11,803
Mobile Personal File Cube,Office Supplies,Storage,5,21,449.66,90.64,0.20,804
Acco Smartsocket Color-Coded Six-Outlet AC Adapter Model Surge Protectors,Office Supplies,Appliances,4,14,448.90,-7.04,-0.02,805
"Acme 10"" Easy Grip Assistive Scissors",Office Supplies,Supplies,8,26,448.77,129.72,0.29,806
Hewlett-Packard Deskjet D4360 Printer,Technology,Machines,1,4,447.97,139.99,0.31,807
Boston 16801 Nautilus Battery Pencil Sharpener,Office Supplies,Art,6,23,444.60,69.99,0.16,808
Rogers Deluxe File Chest,Office Supplies,Storage,8,22,444.00,-34.73,-0.08,809
Xerox 194,Office Supplies,Paper,4,9,443.84,184.19,0.42,810
Imation Clip USB flash drive - 8 GB,Technology,Accessories,7,25,443.68,1.88,0.00,811
invisibleSHIELD by ZAGG Smudge-Free Screen Protector,Technology,Phones,7,29,442.55,171.27,0.39,812
"Seth Thomas 16"" Steel Case Clock",Furniture,Furnishings,5,19,441.73,28.26,0.06,813
Micro Innovations USB RF Wireless Keyboard with Mouse,Technology,Accessories,6,18,440.00,84.50,0.19,814
"Deflect-o SuperTray Unbreakable Stackable Tray, Letter, Black",Furniture,Furnishings,4,18,437.70,138.31,0.32,815
Prismacolor Color Pencil Set,Office Supplies,Art,7,24,436.48,155.55,0.36,816
Fellowes Basic Home/Office Series Surge Protectors,Office Supplies,Appliances,9,41,436.13,58.28,0.13,817
"Floodlight Indoor Halogen Bulbs, 1 Bulb per Pack, 60 Watts",Furniture,Furnishings,6,24,434.56,197.10,0.45,818
"GBC Prepunched Paper, 19-Hole, for Binding Systems, 24-lb",Office Supplies,Binders,7,38,433.79,125.78,0.29,819
Acco 6 Outlet Guardian Premium Surge Suppressor,Office Supplies,Appliances,8,35,432.43,60.42,0.14,820
"Dixon Ticonderoga Core-Lock Colored Pencils, 48-Color Set",Office Supplies,Art,2,13,431.29,165.21,0.38,821
Advantus Rolling Storage Box,Office Supplies,Storage,10,27,428.75,90.72,0.21,822
Cisco SPA525G2 IP Phone - Wireless,Technology,Phones,5,26,426.93,43.09,0.10,823
O'Sullivan Cherrywood Estates Traditional Bookcase,Furniture,Bookcases,2,6,424.90,27.19,0.06,824
"14-7/8 x 11 Blue Bar Computer Printout Paper",Office Supplies,Paper,4,10,422.75,172.94,0.41,825
Canvas Sectional Post Binders,Office Supplies,Binders,6,28,422.64,59.07,0.14,826
Staple-based wall hangings,Furniture,Furnishings,16,62,422.29,121.99,0.29,827
Round Specialty Laser Printer Labels,Office Supplies,Labels,6,39,421.01,162.01,0.38,828
"Perixx PERIBOARD-512B, Ergonomic Split Keyboard",Technology,Accessories,3,12,419.88,29.39,0.07,829
Motorla HX550 Universal Bluetooth Headset,Technology,Phones,4,15,419.23,122.61,0.29,830
Xerox 1939,Office Supplies,Paper,5,22,417.34,200.32,0.48,831
Xerox 19,Office Supplies,Paper,4,15,415.13,159.55,0.38,832
i.Sound Portable Power - 8000 mAh,Technology,Phones,5,9,413.32,-58.82,-0.14,833
"Acco Flexible ACCOHIDE Square Ring Data Binder, Dark Blue, 11 1/2"" X 14"" 7/8""",Office Supplies,Binders,10,36,410.00,111.29,0.27,834
Kensington 6 Outlet Guardian Standard Surge Protector,Office Supplies,Appliances,6,20,409.60,110.59,0.27,835
Nu-Dell Executive Frame,Furniture,Furnishings,6,39,409.54,98.97,0.24,836
"Tennsco Lockers, Sand",Office Supplies,Storage,5,22,407.01,56.23,0.14,837
"Safco Wire Cube Shelving System, For Use as 4 or 5 14"" Cubes, Black",Office Supplies,Storage,4,13,406.78,14.30,0.04,838
"TOPS Carbonless Receipt Book, Four 2-3/4 x 7-1/4 Money Receipts per Page",Office Supplies,Paper,4,25,406.46,178.70,0.44,839
Computer Printout Paper with Letter-Trim Perforations,Office Supplies,Paper,7,24,405.96,169.21,0.42,840
"Boston Model 1800 Electric Pencil Sharpener, Gray",Office Supplies,Art,3,15,405.36,109.79,0.27,841
Model L Table or Wall-Mount Pencil Sharpener,Office Supplies,Art,5,24,402.98,92.11,0.23,842
"Tennsco Lockers, Gray",Office Supplies,Storage,6,22,402.82,-26.43,-0.07,843
"Atlantic Metals Mobile 2-Shelf Bookcases, Custom Colors",Furniture,Bookcases,2,3,400.03,-113.26,-0.28,844
Lexmark X 9575 Professional All-in-One Color Printer,Technology,Machines,1,4,396.00,190.08,0.48,845
Griffin GC17055 Auxiliary Audio Cable,Technology,Phones,6,27,395.78,46.05,0.12,846
"Seth Thomas 12"" Clock w/ Goldtone Case",Furniture,Furnishings,3,17,390.66,132.82,0.34,847
Ibico Standard Transparent Covers,Office Supplies,Binders,10,34,390.58,104.81,0.27,848
Boston 1799 Powerhouse Electric Pencil Sharpener,Office Supplies,Art,3,15,389.70,109.12,0.28,849
Logitech Wireless Headset H600 Over-The-Head Design,Technology,Accessories,2,10,386.91,133.27,0.34,850
Fellowes Advanced Computer Series Surge Protectors,Office Supplies,Appliances,6,15,386.75,100.66,0.26,851
"XtraLife ClearVue Slant-D Ring Binder, White, 3""",Office Supplies,Binders,10,39,386.08,76.92,0.20,852
Cisco Desktop Collaboration Experience DX650 IP Video Phone,Technology,Machines,1,5,385.80,130.21,0.34,853
OtterBox Commuter Series Case - Samsung Galaxy S4,Technology,Phones,4,18,384.85,-55.98,-0.15,854
"Logitech Wireless Boombox Speaker - portable - wireless, wired",Technology,Accessories,2,4,383.04,148.96,0.39,855
Memorex Micro Travel Drive 32 GB,Technology,Accessories,5,12,379.70,129.98,0.34,856
Eldon Advantage Foldable Chair Mats for Low Pile Carpets,Furniture,Furnishings,3,10,379.40,-48.78,-0.13,857
AT&T EL51110 DECT,Technology,Phones,1,3,377.97,109.61,0.29,858
"Executive Impressions 14""",Furniture,Furnishings,4,17,377.91,166.28,0.44,859
Clear Mylar Reinforcing Strips,Office Supplies,Binders,7,29,377.54,90.27,0.24,860
Globe Weis Peel & Seel First Class Envelopes,Office Supplies,Envelopes,7,30,375.73,164.86,0.44,861
Tennsco Commercial Shelving,Office Supplies,Storage,9,21,374.26,-48.61,-0.13,862
"Maxell Pro 80 Minute CD-R, 10/Pack",Technology,Accessories,4,24,374.07,122.36,0.33,863
"Memorex 25GB 6X Branded Blu-Ray Recordable Disc, 15/Pack",Technology,Accessories,5,26,373.78,24.81,0.07,864
Acco Perma 3000 Stacking Storage Drawers,Office Supplies,Storage,6,21,373.44,16.57,0.04,865
Avery 505,Office Supplies,Labels,7,28,372.96,165.76,0.44,866
GBC Durable Plastic Covers,Office Supplies,Binders,8,34,369.59,14.32,0.04,867
"36X48 HARDFLOOR CHAIRMAT",Furniture,Furnishings,6,21,369.25,-40.49,-0.11,868
"Multi-Use Personal File Cart and Caster Set, Three Stacking Bins",Office Supplies,Storage,5,11,368.46,93.16,0.25,869
Lenovo 17-Key USB Numeric Keypad,Technology,Accessories,5,13,367.09,22.43,0.06,870
Logitech Wireless Touch Keyboard K400,Technology,Accessories,3,15,364.85,53.73,0.15,871
"Eldon Executive Woodline II Desk Accessories, Mahogany",Furniture,Furnishings,5,17,361.87,50.01,0.14,872
SanDisk Cruzer 32 GB USB Flash Drive,Technology,Accessories,6,20,361.38,102.71,0.28,873
KeyTronic 6101 Series - Keyboard - Black,Technology,Accessories,2,10,360.71,127.07,0.35,874
Microsoft Arc Touch Mouse,Technology,Accessories,2,7,359.70,91.12,0.25,875
"Seth Thomas 14"" Putty-Colored Wall Clock",Furniture,Furnishings,4,13,357.95,94.77,0.26,876
Holmes Odor Grabber,Office Supplies,Appliances,8,30,357.62,67.77,0.19,877
Imation 8gb Micro Traveldrive Usb 2.0 Flash Drive,Technology,Accessories,8,25,357.00,23.25,0.07,878
Kingston Digital DataTraveler 32GB USB 2.0,Technology,Accessories,7,22,355.95,5.42,0.02,879
Aluminum Screw Posts,Office Supplies,Binders,11,41,354.03,41.20,0.12,880
Pizazz Global Quick File,Office Supplies,Storage,6,24,353.29,94.61,0.27,881
Xerox 1929,Office Supplies,Paper,4,16,351.74,154.40,0.44,882
I.R.I.S IRISCard Anywhere 5 Card Scanner,Technology,Machines,1,3,350.97,152.09,0.43,883
Imation 8GB Mini TravelDrive USB 2.0 Flash Drive,Technology,Accessories,3,13,350.20,8.76,0.03,884
Eldon Gobal File Keepers,Office Supplies,Storage,6,24,348.22,-0.61,0.00,885
"SimpliFile Personal File, Black Granite, 15w x 6-15/16d x 11-1/4h",Office Supplies,Storage,8,32,347.31,85.81,0.25,886
"Executive Impressions 14"" Contract Wall Clock",Furniture,Furnishings,7,17,346.79,93.59,0.27,887
Trimflex Flexible Post Binders,Office Supplies,Binders,4,21,346.36,112.89,0.33,888
Sterilite Officeware Hinged File Box,Office Supplies,Storage,11,35,345.84,78.08,0.23,889
Eldon Simplefile Box Office,Office Supplies,Storage,8,30,345.83,77.13,0.22,890
"2300 Heavy-Duty Transfer File Systems by Perma",Office Supplies,Storage,4,16,344.72,20.98,0.06,891
Fellowes Mighty 8 Compact Surge Protector,Office Supplies,Appliances,6,19,344.59,67.30,0.20,892
Eldon Cleatmat Chair Mats for Medium Pile Carpets,Furniture,Furnishings,4,8,344.10,-42.18,-0.12,893
"Acco Six-Outlet Power Strip, 4' Cord Length",Office Supplies,Appliances,9,41,343.08,81.55,0.24,894
GBC VeloBind Cover Sets,Office Supplies,Binders,11,42,342.77,18.53,0.05,895
Tops Green Bar Computer Printout Paper,Office Supplies,Paper,3,7,342.58,171.29,0.50,896
Boston 19500 Mighty Mite Electric Pencil Sharpener,Office Supplies,Art,4,17,342.55,92.49,0.27,897
"Brother MFC-9340CDW LED All-In-One Printer, Copier Scanner",Technology,Machines,1,3,341.99,-319.19,-0.93,898
Classic Ivory Antique Telephone ZL1810,Technology,Phones,2,4,341.67,40.20,0.12,899
Letter Size File,Office Supplies,Storage,2,10,341.42,59.55,0.17,900
Anker 36W 4-Port USB Wall Charger Travel Power Adapter for iPhone 5s 5c 5,Technology,Phones,6,22,339.83,23.19,0.07,901
Luxo Economy Swing Arm Lamp,Furniture,Furnishings,5,17,338.98,94.91,0.28,902
"Tenex File Box, Personal Filing Tote with Lid, Black",Office Supplies,Storage,7,24,338.12,62.66,0.19,903
"White Business Envelopes with Contemporary Seam, Recycled White Business Envelopes",Office Supplies,Envelopes,6,34,336.95,150.97,0.45,904
Wasp CCD Handheld Bar Code Reader,Technology,Machines,1,3,336.51,44.87,0.13,905
"BlueLounge Milo Smartphone Stand, White/Metallic",Technology,Phones,3,12,335.89,76.77,0.23,906
Xerox 226,Office Supplies,Paper,11,53,334.37,155.78,0.47,907
"Square Ring Data Binders, Rigid 75 Pt. Covers, 11"" x 14-7/8""",Office Supplies,Binders,7,22,334.37,98.25,0.29,908
"Contract Clock, 14"", Brown",Furniture,Furnishings,5,21,334.10,29.45,0.09,909
Holmes 99% HEPA Air Purifier,Office Supplies,Appliances,4,17,333.56,86.86,0.26,910
Eldon Econocleat Chair Mats for Low Pile Carpets,Furniture,Furnishings,2,8,331.76,39.81,0.12,911
Bulldog Vacuum Base Pencil Sharpener,Office Supplies,Art,6,31,330.92,59.59,0.18,912
SanDisk Ultra 16 GB MicroSDHC Class 10 Memory Card,Technology,Accessories,7,31,329.95,-48.58,-0.15,913
Xerox 1979,Office Supplies,Paper,3,11,328.39,140.96,0.43,914
Multimedia Mailers,Office Supplies,Envelopes,1,2,325.86,149.90,0.46,915
KeyTronic E03601U1 - Keyboard - Beige,Technology,Accessories,6,18,324.00,58.32,0.18,916
RCA ViSYS 25425RE1 Corded phone,Technology,Phones,1,3,323.98,36.45,0.11,917
Sauder Cornerstone Collection Library,Furniture,Bookcases,3,14,322.19,-81.17,-0.25,918
Kensington K72356US Mouse-in-a-Box USB Desktop Mouse,Technology,Accessories,6,20,321.85,106.18,0.33,919
Personal Creations Ink Jet Cards and Labels,Office Supplies,Paper,4,28,321.44,157.51,0.49,920
"White Envelopes, White Envelopes with Clear Poly Window",Office Supplies,Envelopes,5,22,320.25,139.08,0.43,921
Konica Minolta magicolor 1690MF Multifunction Printer,Technology,Machines,1,8,319.92,118.37,0.37,922
X-Rack File for Hanging Folders,Office Supplies,Storage,9,30,318.38,67.74,0.21,923
"Rogers Jumbo File, Granite",Office Supplies,Storage,7,24,317.77,-4.89,-0.02,924
"Seth Thomas 13 1/2"" Wall Clock",Furniture,Furnishings,5,20,316.48,71.12,0.22,925
"Executive Impressions 13"" Clairmont Wall Clock",Furniture,Furnishings,8,20,315.37,88.46,0.28,926
"Avery Trapezoid Extra Heavy Duty 4"" Binders",Office Supplies,Binders,4,15,314.55,0.00,0.00,927
"GBC Pre-Punched Binding Paper, Plastic, White, 8-1/2"" x 11""",Office Supplies,Binders,8,31,310.21,52.45,0.17,928
"Executive Impressions 14"" Two-Color Numerals Wall Clock",Furniture,Furnishings,6,16,308.99,94.52,0.31,929
Recycled Easel Ring Binders,Office Supplies,Binders,9,35,308.84,21.63,0.07,930
Fiskars Softgrip Scissors,Office Supplies,Supplies,7,28,307.44,86.08,0.28,931
Acme Box Cutter Scissors,Office Supplies,Supplies,6,31,306.90,72.22,0.24,932
"3M Replacement Filter for Office Air Cleaner for 20' x 33' Room",Office Supplies,Appliances,4,14,303.36,-20.48,-0.07,933
Eldon Fold 'N Roll Cart System,Office Supplies,Storage,5,24,301.97,63.75,0.21,934
Eldon Shelf Savers Cubes and Bins,Office Supplies,Storage,8,45,300.14,-7.68,-0.03,935
Lexmark S315 Color Inkjet Printer,Technology,Machines,2,5,299.97,35.00,0.12,936
Tensor Track Tree Floor Lamp,Furniture,Furnishings,4,17,299.85,38.18,0.13,937
Honeywell Enviracaire Portable Air Cleaner for up to 8 x 10 Room,Office Supplies,Appliances,2,9,299.21,-177.22,-0.59,938
Memorex Micro Travel Drive 8 GB,Technology,Accessories,8,26,299.00,113.10,0.38,939
Coloredge Poster Frame,Furniture,Furnishings,6,21,298.20,116.30,0.39,940
Boston Home & Office Model 2000 Electric Pencil Sharpeners,Office Supplies,Art,6,13,297.99,70.48,0.24,941
Maxell DVD-RAM Discs,Technology,Accessories,3,18,296.64,127.56,0.43,942
"Vinyl Coated Wire Paper Clips in Organizer Box, 800/Box",Office Supplies,Fasteners,8,29,296.18,119.74,0.40,943
Xerox 1933,Office Supplies,Paper,5,24,294.72,138.52,0.47,944
Stanley Contemporary Battery Pencil Sharpeners,Office Supplies,Art,4,24,293.70,63.01,0.21,945
Micropad Numeric Keypads,Technology,Accessories,4,15,291.85,66.97,0.23,946
"DAX Contemporary Wood Frame with Silver Metal Mat, Desktop, 11 x 14 Size",Furniture,Furnishings,5,15,291.46,97.15,0.33,947
Acco 6 Outlet Guardian Premium Plus Surge Suppressor,Office Supplies,Appliances,6,31,289.46,-113.77,-0.39,948
Peel-Off China Markers,Office Supplies,Art,7,31,287.97,109.43,0.38,949
"Acco Data Flex Cable Posts For Top & Bottom Load Binders, 6"" Capacity",Office Supplies,Binders,10,39,287.87,64.14,0.22,950
"#10- 4 1/8"" x 9 1/2"" Recycled Envelopes",Office Supplies,Envelopes,10,37,286.67,115.28,0.40,951
OtterBox Commuter Series Case - iPhone 5 & 5s,Technology,Phones,4,16,285.87,102.91,0.36,952
"Fellowes Personal Hanging Folder Files, Navy",Office Supplies,Storage,4,24,284.72,52.65,0.18,953
Embossed Ink Jet Note Cards,Office Supplies,Paper,4,15,284.38,108.34,0.38,954
"Iris 3-Drawer Stacking Bin, Black",Office Supplies,Storage,3,16,284.10,-43.45,-0.15,955
"REDIFORM Incoming/Outgoing Call Register, 11"" X 8 1/2"", 100 Messages",Office Supplies,Paper,8,37,281.89,127.60,0.45,956
Lunatik TT5L-002 Taktik Strike Impact Protection System for iPhone 5,Technology,Phones,3,6,281.66,6.12,0.02,957
Xerox 1898,Office Supplies,Paper,11,46,280.56,120.77,0.43,958
Memorex Mini Travel Drive 32 GB USB 2.0 Flash Drive,Technology,Accessories,2,14,280.00,109.20,0.39,959
"Epson WorkForce WF-2530 All-in-One Printer, Copier Scanner",Technology,Machines,2,4,279.96,120.38,0.43,960
Macally Suction Cup Mount,Technology,Phones,4,26,279.63,-31.07,-0.11,961
Westinghouse Clip-On Gooseneck Lamps,Furniture,Furnishings,9,38,279.56,44.19,0.16,962
Acme Forged Steel Scissors with Black Enamel Handles,Office Supplies,Supplies,8,32,279.30,67.78,0.24,963
"Tenex Personal Filing Tote With Secure Closure Lid, Black/Frost",Office Supplies,Storage,5,22,279.18,23.27,0.08,964
Storex Dura Pro Binders,Office Supplies,Binders,17,71,278.59,50.55,0.18,965
Belkin 8-Outlet Premiere SurgeMaster II Surge Protectors,Office Supplies,Appliances,2,4,277.92,83.38,0.30,966
"Avery Address/Shipping Labels for Typewriters, 4"" x 2""",Office Supplies,Labels,7,28,277.38,126.68,0.46,967
Large Capacity Hanging Post Binders,Office Supplies,Binders,5,22,276.95,-19.46,-0.07,968
"Neat Ideas Personal Hanging Folder Files, Black",Office Supplies,Storage,7,22,276.66,58.02,0.21,969
HP Standard 104 key PS/2 Keyboard,Technology,Accessories,6,20,275.50,58.00,0.21,970
Stanley Bostitch Contemporary Electric Pencil Sharpeners,Office Supplies,Art,7,19,275.08,42.79,0.16,971
Staple magnet,Office Supplies,Storage,10,33,272.89,44.81,0.16,972
Seidio BD2-HK3IPH5-BK DILEX Case and Holster Combo for Apple iPhone 5/5s - Black,Technology,Phones,3,11,272.89,27.29,0.10,973
Fellowes Binding Cases,Office Supplies,Binders,5,31,271.44,71.96,0.27,974
Advantus Panel Wall Certificate Holder - 8.5x11,Furniture,Furnishings,6,23,270.84,108.09,0.40,975
Adjustable Personal File Tote,Office Supplies,Storage,5,18,270.25,53.40,0.20,976
Plastic Binding Combs,Office Supplies,Binders,5,23,269.67,84.99,0.32,977
"GBC Twin Loop Wire Binding Elements, 9/16"" Spine, Black",Office Supplies,Binders,9,35,269.39,-2.28,-0.01,978
"GBC White Gloss Covers, Plain Front",Office Supplies,Binders,7,31,269.33,31.42,0.12,979
"Recycled Desk Saver Line ""While You Were Out"" Book, 5 1/2"" X 4""",Office Supplies,Paper,5,30,268.50,123.51,0.46,980
Xerox 1938,Office Supplies,Paper,1,7,268.24,93.88,0.35,981
Eldon Wave Desk Accessories,Furniture,Furnishings,14,61,266.73,99.00,0.37,982
Avery 475,Office Supplies,Labels,4,18,266.40,133.20,0.50,983
Belkin F9S820V06 8 Outlet Surge,Office Supplies,Appliances,4,17,266.34,-120.18,-0.45,984
Belkin Standard 104 key USB Keyboard,Technology,Accessories,6,21,265.54,5.11,0.02,985
Ultra Door Pull Handle,Furniture,Furnishings,6,27,265.10,74.80,0.28,986
Maxell 4.7GB DVD+RW 3/Pack,Technology,Accessories,4,17,264.44,88.41,0.33,987
"Peel & Seel Recycled Catalog Envelopes, Brown",Office Supplies,Envelopes,6,26,264.02,113.48,0.43,988
Newell 324,Office Supplies,Art,7,23,263.34,72.07,0.27,989
Staple remover,Office Supplies,Supplies,18,61,263.09,24.07,0.09,990
"Southworth 100% Résumé Paper, 24lb.",Office Supplies,Paper,7,35,262.96,113.20,0.43,991
"Eldon Expressions Desk Accessory, Wood Photo Frame, Mahogany",Furniture,Furnishings,6,20,262.75,-7.62,-0.03,992
File Shuttle I and Handi-File,Office Supplies,Storage,3,13,262.67,51.42,0.20,993
Belkin 6 Outlet Metallic Surge Strip,Office Supplies,Appliances,9,29,262.45,28.75,0.11,994
"LF Elite 3D Dazzle Designer Hard Case Cover, Lf Stylus Pen and Wiper For Apple Iphone 5c Mini Lite",Technology,Phones,8,28,261.60,41.86,0.16,995
Hand-Finished Solid Wood Document Frame,Furniture,Furnishings,3,8,260.15,68.46,0.26,996
"3M Office Air Cleaner",Office Supplies,Appliances,2,10,259.80,90.93,0.35,997
Desktop 3-Pocket Hot File,Office Supplies,Storage,2,5,259.68,59.51,0.23,998
"Recycled Interoffice Envelopes with String and Button Closure, 10 x 13",Office Supplies,Envelopes,5,12,259.09,115.15,0.44,999
"Executive Impressions 10"" Spectator Wall Clock",Furniture,Furnishings,5,22,258.72,87.96,0.34,1000
"GBC Standard Recycled Report Covers, Clear Plastic Sheets",Office Supplies,Binders,12,51,258.72,-27.17,-0.11,1001
Avery Legal 4-Ring Binder,Office Supplies,Binders,4,16,258.05,90.21,0.35,1002
Mediabridge Sport Armband iPhone 5s,Technology,Phones,7,30,257.74,-38.96,-0.15,1003
GBC Poly Designer Binding Covers,Office Supplies,Binders,6,18,256.12,102.45,0.40,1004
Berol Giant Pencil Sharpener,Office Supplies,Art,4,17,254.85,49.78,0.20,1005
"Executive Impressions 13"" Chairman Wall Clock",Furniture,Furnishings,3,11,253.80,72.33,0.29,1006
"Linden 10"" Round Wall Clock, Black",Furniture,Furnishings,6,21,253.65,41.87,0.17,1007
Apple EarPods with Remote and Mic,Technology,Phones,4,10,251.91,50.38,0.20,1008
Magnifier Swing Arm Lamp,Furniture,Furnishings,5,12,251.76,65.46,0.26,1009
Sony 32GB Class 10 Micro SDHC R40 Memory Card,Technology,Accessories,4,12,251.40,52.79,0.21,1010
Hanging Personal Folder File,Office Supplies,Storage,5,17,251.20,51.03,0.20,1011
Sony Micro Vault Click 4 GB USB 2.0 Flash Drive,Technology,Accessories,3,18,250.92,35.13,0.14,1012
Avery 473,Office Supplies,Labels,6,24,248.40,119.23,0.48,1013
Belkin OmniView SE Rackmount Kit,Office Supplies,Storage,2,7,248.36,0.00,0.00,1014
"Verbatim 25 GB 6x Blu-ray Single Layer Recordable Disc, 25/Pack",Technology,Accessories,5,12,248.29,91.04,0.37,1015
Nu-Dell Leatherette Frames,Furniture,Furnishings,3,18,246.65,81.45,0.33,1016
"Wirebound Message Books, Four 2 3/4"" x 5"" Forms per Page, 600 Sets per Book",Office Supplies,Paper,9,28,246.58,109.02,0.44,1017
Strathmore Photo Mount Cards,Office Supplies,Paper,9,38,245.44,106.31,0.43,1018
SAFCO Optional Arm Kit for Workspace Cribbage Stacking Chair,Furniture,Chairs,5,12,245.09,14.92,0.06,1019
Xerox 1890,Office Supplies,Paper,2,5,244.70,122.35,0.50,1020
Brown Kraft Recycled Envelopes,Office Supplies,Envelopes,5,15,244.51,117.16,0.48,1021
Aluminum Document Frame,Furniture,Furnishings,5,22,244.40,56.21,0.23,1022
Fellowes Advanced 8 Outlet Surge Suppressor with Phone/Fax Protection,Office Supplies,Appliances,3,10,244.29,41.64,0.17,1023
GBC Imprintable Covers,Office Supplies,Binders,8,36,241.56,39.97,0.17,1024
Quality Park Security Envelopes,Office Supplies,Envelopes,4,11,240.76,88.19,0.37,1025
RCA H5401RE1 DECT 6.0 4-Line Cordless Handset With Caller ID/Call Waiting,Technology,Phones,1,3,239.97,2.40,0.01,1026
Logitech M510 Wireless Mouse,Technology,Accessories,3,7,239.94,52.39,0.22,1027
"Belkin SportFit Armband For iPhone 5s/5c, Fuchsia",Technology,Phones,5,21,239.84,79.30,0.33,1028
Holmes HEPA Air Purifier,Office Supplies,Appliances,6,14,239.58,41.38,0.17,1029
"Avery Flip-Chart Easel Binder, Black",Office Supplies,Binders,4,17,239.47,37.82,0.16,1030
Xerox 216,Office Supplies,Paper,8,42,238.46,96.94,0.41,1031
Wilson Jones Leather-Like Binders with DublLock Round Rings,Office Supplies,Binders,12,46,238.33,25.49,0.11,1032
Xerox 1982,Office Supplies,Paper,3,12,237.54,89.53,0.38,1033
Martin-Yale Premier Letter Opener,Office Supplies,Supplies,7,20,236.99,-12.88,-0.05,1034
Recycled Eldon Regeneration Jumbo File,Office Supplies,Storage,6,20,235.78,58.94,0.25,1035
Avery 50,Office Supplies,Labels,5,20,235.56,102.75,0.44,1036
Acco D-Ring Binder w/DublLock,Office Supplies,Binders,9,31,235.18,-102.84,-0.44,1037
DAX Two-Tone Silver Metal Document Frame,Furniture,Furnishings,6,13,234.78,84.81,0.36,1038
Newell 312,Office Supplies,Art,11,49,234.77,34.46,0.15,1039
Spigen Samsung Galaxy S5 Case Wallet,Technology,Phones,5,15,234.46,45.87,0.20,1040
Panasonic KP-4ABK Battery-Operated Pencil Sharpener,Office Supplies,Art,4,16,234.24,67.93,0.29,1041
"Maxell 74 Minute CDR, 10/Pack",Technology,Accessories,5,26,232.76,72.57,0.31,1042
Petty Cash Envelope,Office Supplies,Paper,3,10,231.86,94.36,0.41,1043
"Tenex Personal Self-Stacking Standard File Box, Black/Gray",Office Supplies,Storage,5,15,229.98,44.81,0.19,1044
Black & Decker Filter for Double Action Dustbuster Cordless Vac BLDV7210,Office Supplies,Appliances,6,28,229.89,53.70,0.23,1045
Dixon Ticonderoga Core-Lock Colored Pencils,Office Supplies,Art,7,28,229.57,58.67,0.26,1046
Advantus Motivational Note Cards,Office Supplies,Paper,5,20,227.94,94.32,0.41,1047
"Adams Phone Message Book, 200 Message Capacity, 8 1/16” x 11”",Office Supplies,Paper,8,33,227.04,104.44,0.46,1048
Iris Project Case,Office Supplies,Storage,6,30,225.04,47.88,0.21,1049
Advantus Plastic Paper Clips,Office Supplies,Fasteners,10,47,225.00,102.80,0.46,1050
Cisco 8961 IP Phone Charcoal,Technology,Machines,1,3,224.94,-164.95,-0.73,1051
Portable Personal File Box,Office Supplies,Storage,6,19,224.66,55.31,0.25,1052
iOttie XL Car Mount,Technology,Phones,2,14,223.89,-50.37,-0.23,1053
"Adams Telephone Message Book w/Frequently-Called Numbers Space, 400 Messages per Book",Office Supplies,Paper,7,28,223.44,111.72,0.50,1054
"Avery Hi-Liter EverBold Pen Style Fluorescent Highlighters, 4/Pack",Office Supplies,Art,6,31,219.78,68.38,0.31,1055
"Letter/Legal File Tote with Clear Snap-On Lid, Black Granite",Office Supplies,Storage,4,14,218.42,52.03,0.24,1056
"Wirebound Message Books, Four 2 3/4 x 5 White Forms per Page",Office Supplies,Paper,7,34,218.09,95.27,0.44,1057
Avery Non-Stick Binders,Office Supplies,Binders,20,71,217.32,43.55,0.20,1058
"Fiskars 8"" Scissors, 2/Pack",Office Supplies,Supplies,4,14,217.22,45.86,0.21,1059
ARKON Windshield Dashboard Air Vent Car Mount Holder,Technology,Phones,4,14,216.96,-15.59,-0.07,1060
"3M Polarizing Light Filter Sleeves",Furniture,Furnishings,4,14,216.34,75.35,0.35,1061
"DAX Two-Tone Rosewood/Black Document Frame, Desktop, 5 x 7",Furniture,Furnishings,8,25,216.14,73.94,0.34,1062
iOttie HLCRIO102 Car Mount,Technology,Phones,5,12,215.89,-11.99,-0.06,1063
Xerox 214,Office Supplies,Paper,9,37,215.14,90.46,0.42,1064
DXL Angle-View Binders with Locking Rings by Samsill,Office Supplies,Binders,10,35,215.11,66.69,0.31,1065
Cisco SPA 501G IP Phone,Technology,Phones,1,3,213.48,16.01,0.08,1066
Xerox 188,Office Supplies,Paper,8,20,213.19,97.52,0.46,1067
GBC Wire Binding Strips,Office Supplies,Binders,5,14,212.66,-18.41,-0.09,1068
Wilson Jones Turn Tabs Binder Tool for Ring Binders,Office Supplies,Binders,13,59,212.08,58.51,0.28,1069
Standard Line “While You Were Out” Hardbound Telephone Message Book,Office Supplies,Paper,2,11,211.01,80.45,0.38,1070
"Seth Thomas 8 1/2"" Cubicle Clock",Furniture,Furnishings,4,11,210.91,59.22,0.28,1071
Xerox 1931,Office Supplies,Paper,8,36,209.95,88.65,0.42,1072
"Sanford Prismacolor Professional Thick Lead Art Pencils, 36-Color Set",Office Supplies,Art,3,7,209.66,49.80,0.24,1073
SANFORD Major Accent Highlighters,Office Supplies,Art,7,30,209.57,77.88,0.37,1074
Cardinal EasyOpen D-Ring Binders,Office Supplies,Binders,8,40,209.31,26.51,0.13,1075
Ibico Plastic and Wire Spiral Binding Combs,Office Supplies,Binders,9,41,208.22,21.58,0.10,1076
Acco Perma 2700 Stacking Storage Drawers,Office Supplies,Storage,4,8,208.18,5.95,0.03,1077
Logitech LS21 Speaker System - PC Multimedia - 2.1-CH - Wired,Technology,Accessories,6,11,207.90,62.77,0.30,1078
GBC Linen Binding Covers,Office Supplies,Binders,6,18,207.57,-82.41,-0.40,1079
Global Enterprise Series Seating Low-Back Swivel/Tilt Chairs,Furniture,Chairs,1,1,207.18,25.90,0.13,1080
Epson Perfection V600 Photo Scanner,Technology,Machines,1,3,206.99,-172.49,-0.83,1081
JM Magazine Binder,Office Supplies,Binders,6,18,204.72,50.19,0.25,1082
Texas Instruments TI-34 Scientific Calculator,Technology,Machines,3,12,204.51,64.65,0.32,1083
"Holmes Replacement Filter for HEPA Air Cleaner, Medium Room",Office Supplies,Appliances,4,18,203.94,87.69,0.43,1084
Kingston Digital DataTraveler 64GB USB 2.0,Technology,Accessories,2,6,202.68,16.21,0.08,1085
Pyle PRT45 Retro Home Telephone,Technology,Phones,1,4,201.57,22.68,0.11,1086
Fellowes Desktop Hanging File Manager,Office Supplies,Storage,4,15,201.45,50.36,0.25,1087
Xerox 1912,Office Supplies,Paper,4,11,201.08,92.57,0.46,1088
Southworth 25% Cotton Antique Laid Paper & Envelopes,Office Supplies,Paper,5,26,200.16,80.90,0.40,1089
PayAnywhere Card Reader,Technology,Phones,5,25,199.80,17.48,0.09,1090
Bionaire 99.97% HEPA Air Cleaner,Office Supplies,Appliances,4,16,199.73,17.52,0.09,1091
Laser & Ink Jet Business Envelopes,Office Supplies,Envelopes,5,20,198.46,83.23,0.42,1092
Eldon 500 Class Desk Accessories,Furniture,Furnishings,6,17,197.95,60.47,0.31,1093
"Angle-D Binders with Locking Rings, Label Holders",Office Supplies,Binders,10,42,197.83,35.33,0.18,1094
"Inter-Office Recycled Envelopes, Brown Kraft, Button-String,10"" x 13"" , 100/Box",Office Supplies,Envelopes,3,10,197.82,81.33,0.41,1095
Panasonic KP-310 Heavy-Duty Electric Pencil Sharpener,Office Supplies,Art,2,9,197.82,59.35,0.30,1095
"Square Credit Card Reader, 4 1/2"" x 4 1/2"" x 1"", White",Technology,Phones,5,27,197.80,54.85,0.28,1097
"Eureka Hand Vacuum, Bagless",Office Supplies,Appliances,1,4,197.72,55.36,0.28,1098
"Alliance Super-Size Bands, Assorted Sizes",Office Supplies,Fasteners,4,27,197.61,-10.35,-0.05,1099
Avery Recycled Flexi-View Covers for Binding Systems,Office Supplies,Binders,7,32,197.17,-69.57,-0.35,1100
Xerox 225,Office Supplies,Paper,9,33,196.99,85.80,0.44,1101
"Rediform S.O.S. 1-Up Phone Message Bk, 4-1/4x3-1/16 Bk, 1 Form/Pg, 40 Messages/Bk, 3/Pk",Office Supplies,Paper,5,21,196.98,94.55,0.48,1102
Newell 309,Office Supplies,Art,5,20,196.35,34.65,0.18,1103
"DAX Executive Solid Wood Document Frame, Desktop or Hang, Mahogany, 5 x 7",Furniture,Furnishings,5,17,196.25,55.10,0.28,1104
Acme Tagit Stainless Steel Antibacterial Scissors,Office Supplies,Supplies,6,22,196.02,37.03,0.19,1105
Acme Galleria Hot Forged Steel Scissors with Colored Handles,Office Supplies,Supplies,3,13,195.05,49.86,0.26,1106
"Career Cubicle Clock, 8 1/4"", Black",Furniture,Furnishings,3,10,194.69,68.95,0.35,1107
Memorex Mini Travel Drive 8 GB USB 2.0 Flash Drive,Technology,Accessories,5,20,194.54,53.27,0.27,1108
Contemporary Wood/Metal Frame,Furniture,Furnishings,4,18,193.92,4.85,0.03,1109
Project Tote Personal File,Office Supplies,Storage,4,15,193.61,44.19,0.23,1110
"Wilson Jones Clip & Carry Folder Binder Tool for Ring Binders, Clear",Office Supplies,Binders,9,47,191.98,50.23,0.26,1111
Computer Printout Paper with Letter-Trim Fine Perforations,Office Supplies,Paper,1,4,191.60,91.97,0.48,1112
Xerox 1895,Office Supplies,Paper,7,33,191.36,82.82,0.43,1113
Avery Premier Heavy-Duty Binder with Round Locking Rings,Office Supplies,Binders,7,21,191.35,29.42,0.15,1114
Sony 16GB Class 10 Micro SDHC R40 Memory Card,Technology,Accessories,4,16,190.77,5.16,0.03,1115
Gear Head AU3700S Headset,Technology,Phones,3,16,189.65,-11.95,-0.06,1116
Speck Products Candyshell Flip Case,Technology,Phones,4,8,188.95,-18.19,-0.10,1117
Xerox 209,Office Supplies,Paper,5,29,187.92,90.20,0.48,1118
White GlueTop Scratch Pads,Office Supplies,Paper,2,14,186.50,72.79,0.39,1119
"Wirebound Message Book, 4 per Page",Office Supplies,Paper,7,35,184.62,87.69,0.48,1120
"Verbatim 25 GB 6x Blu-ray Single Layer Recordable Disc, 3/Pack",Technology,Accessories,6,30,184.54,67.10,0.36,1121
GBC Wire Binding Combs,Office Supplies,Binders,7,26,184.05,41.57,0.23,1122
Ibico Covers for Plastic or Wire Binding Elements,Office Supplies,Binders,7,20,184.00,57.50,0.31,1123
"Eldon Expressions Wood Desk Accessories, Oak",Furniture,Furnishings,12,33,183.02,10.11,0.06,1124
Xerox 1955,Office Supplies,Paper,2,10,182.72,59.38,0.33,1125
"Fellowes Twister Kit, Gray/Clear, 3/pkg",Office Supplies,Binders,10,42,182.51,-3.22,-0.02,1126
Deluxe Chalkboard Eraser Cleaner,Office Supplies,Art,5,17,182.49,76.46,0.42,1127
"Speediset Carbonless Redi-Letter 7"" x 8 1/2""",Office Supplies,Paper,5,19,181.46,77.63,0.43,1128
"Fellowes Smart Surge Ten-Outlet Protector, Platinum",Office Supplies,Appliances,1,3,180.66,50.58,0.28,1129
"Perma STOR-ALL Hanging File Box, 13 1/8""W x 12 1/4""D x 10 1/2""H",Office Supplies,Storage,8,33,180.60,16.80,0.09,1130
"Tenex Traditional Chairmats for Hard Floors, Average Lip, 36"" x 48""",Furniture,Furnishings,2,4,180.46,-46.40,-0.26,1131
"Eldon Image Series Desk Accessories, Ebony",Furniture,Furnishings,5,18,180.31,55.82,0.31,1132
Okidata B401 Printer,Technology,Machines,1,3,179.99,-251.99,-1.40,1133
Super Decoflex Portable Personal File,Office Supplies,Storage,5,13,179.76,39.55,0.22,1134
"Elite 5"" Scissors",Office Supplies,Supplies,7,24,179.14,37.18,0.21,1135
"Cardinal Slant-D Ring Binder, Heavy Gauge Vinyl",Office Supplies,Binders,10,37,179.01,5.39,0.03,1136
Xerox 1997,Office Supplies,Paper,8,30,178.85,77.76,0.43,1137
Xerox 1892,Office Supplies,Paper,2,5,178.30,79.46,0.45,1138
Personal File Boxes with Fold-Down Carry Handle,Office Supplies,Storage,5,12,177.61,37.39,0.21,1139
Avery 490,Office Supplies,Labels,5,13,177.60,81.40,0.46,1140
"Master Caster Door Stop, Brown",Furniture,Furnishings,9,38,176.78,49.38,0.28,1141
Heavy-Duty E-Z-D Binders,Office Supplies,Binders,8,29,176.74,9.06,0.05,1142
"Executive Impressions 12"" Wall Clock",Furniture,Furnishings,6,14,176.70,23.32,0.13,1143
Crate-A-Files,Office Supplies,Storage,7,18,176.58,31.39,0.18,1144
Avery 499,Office Supplies,Labels,11,40,176.29,68.72,0.39,1145
"#10-4 1/8"" x 9 1/2"" Premium Diagonal Seam Envelopes",Office Supplies,Envelopes,2,13,176.29,63.75,0.36,1146
Xerox 1996,Office Supplies,Paper,8,28,176.26,81.91,0.46,1147
"DAX Value U-Channel Document Frames, Easel Back",Furniture,Furnishings,10,36,175.94,52.48,0.30,1148
Tenex Chairmats For Use With Carpeted Floors,Furniture,Furnishings,4,11,175.78,8.79,0.05,1149
Griffin GC36547 PowerJolt SE Lightning Charger,Technology,Phones,3,10,175.42,17.99,0.10,1150
"Acco PRESSTEX Data Binder with Storage Hooks, Dark Blue, 14 7/8"" X 11""",Office Supplies,Binders,7,37,175.39,73.87,0.42,1151
Wilson Jones International Size A4 Ring Binders,Office Supplies,Binders,7,18,174.73,12.80,0.07,1152
Xerox 1978,Office Supplies,Paper,8,34,174.56,74.33,0.43,1153
Logitech Keyboard K120,Technology,Accessories,3,12,174.24,-19.60,-0.11,1154
Square Credit Card Reader,Technology,Phones,7,22,173.83,11.19,0.06,1155
BIC Liqua Brite Liner,Office Supplies,Art,6,27,173.50,53.58,0.31,1156
GBC Plastic Binding Combs,Office Supplies,Binders,10,30,172.69,59.78,0.35,1157
"Adams Telephone Message Book W/Dividers/Space For Phone Numbers, 5 1/4""X8 1/2"", 200/Messages",Office Supplies,Paper,7,32,172.67,72.70,0.42,1158
Lumber Crayons,Office Supplies,Art,6,19,171.39,55.36,0.32,1159
"4009 Highlighters by Sanford",Office Supplies,Art,8,44,171.14,53.81,0.31,1160
"DAX Copper Panel Document Frame, 5 x 7 Size",Furniture,Furnishings,5,18,171.09,39.75,0.23,1161
Xerox 202,Office Supplies,Paper,8,28,171.07,76.72,0.45,1162
Boston 1730 StandUp Electric Pencil Sharpener,Office Supplies,Art,3,8,171.04,44.47,0.26,1163
Avery Heavy-Duty EZD View Binder with Locking Rings,Office Supplies,Binders,10,41,170.98,29.73,0.17,1164
Logitech Illuminated Ultrathin Keyboard with Backlighting,Technology,Accessories,1,3,170.97,70.10,0.41,1165
Euro Pro Shark Stick Mini Vacuum,Office Supplies,Appliances,3,11,170.74,-325.63,-1.91,1166
Nu-Dell Float Frame 11 x 14 1/2,Furniture,Furnishings,7,22,170.62,56.04,0.33,1167
Great White Multi-Use Recycled Paper (20Lb. and 84 Bright),Office Supplies,Paper,8,32,169.83,64.58,0.38,1168
Xerox 1894,Office Supplies,Paper,5,27,169.78,78.80,0.46,1169
Xerox 1973,Office Supplies,Paper,2,8,169.02,70.35,0.42,1170
Electrix 20W Halogen Replacement Bulb for Zoom-In Desk Lamp,Furniture,Furnishings,5,13,168.84,78.26,0.46,1171
"DAX Charcoal/Nickel-Tone Document Frame, 5 x 7",Furniture,Furnishings,7,23,168.74,48.82,0.29,1172
Hoover Commercial SteamVac,Office Supplies,Appliances,4,14,168.39,35.31,0.21,1173
Avery 486,Office Supplies,Labels,9,24,168.13,75.15,0.45,1174
"Westinghouse Floor Lamp with Metal Mesh Shade, Black",Furniture,Furnishings,4,7,167.93,38.62,0.23,1175
Southworth 25% Cotton Linen-Finish Paper & Envelopes,Office Supplies,Paper,4,20,166.70,67.04,0.40,1176
Acme Softgrip Scissors,Office Supplies,Supplies,4,23,166.06,33.13,0.20,1177
Xerox 1968,Office Supplies,Paper,5,26,165.66,75.35,0.45,1178
GBC Instant Report Kit,Office Supplies,Binders,13,50,164.99,3.24,0.02,1179
Xerox 195,Office Supplies,Paper,8,27,164.33,70.54,0.43,1180
Security-Tint Envelopes,Office Supplies,Envelopes,9,23,163.50,73.88,0.45,1181
"GE General Use Halogen Bulbs, 100 Watts, 1 Bulb per Pack",Furniture,Furnishings,3,15,163.33,3.14,0.02,1182
"DAX Metal Frame, Desktop, Stepped-Edge",Furniture,Furnishings,5,11,161.92,26.11,0.16,1183
"It's Hot Message Books with Stickers, 2 3/4"" x 5""",Office Supplies,Paper,6,25,161.32,59.57,0.37,1184
"Eldon Expressions Wood and Plastic Desk Accessories, Cherry Wood",Furniture,Furnishings,5,23,160.54,46.56,0.29,1185
"Black Print Carbonless Snap-Off Rapid Letter, 8 1/2"" x 7""",Office Supplies,Paper,4,19,160.34,65.14,0.41,1186
RCA ViSYS 25423RE1 Corded phone,Technology,Phones,1,2,159.98,14.00,0.09,1187
Acme Office Executive Series Stainless Steel Trimmers,Office Supplies,Supplies,7,21,159.40,26.22,0.16,1188
Avery 489,Office Supplies,Labels,5,16,159.39,73.28,0.46,1189
"Eldon 400 Class Desk Accessories, Black Carbon",Furniture,Furnishings,6,22,159.25,47.60,0.30,1190
"Ultra Door Kickplate, 8""H x 34""W",Furniture,Furnishings,2,10,158.24,27.69,0.18,1191
Belkin 7 Outlet SurgeMaster Surge Protector with Phone Protection,Office Supplies,Appliances,1,5,157.92,17.77,0.11,1192
GBC Personal VeloBind Strips,Office Supplies,Binders,7,27,156.94,-11.26,-0.07,1193
Artistic Insta-Plaque,Furniture,Furnishings,3,10,156.80,61.15,0.39,1194
Xerox 1936,Office Supplies,Paper,3,9,155.84,60.54,0.39,1195
"Eldon Expressions Punched Metal & Wood Desk Accessories, Black & Cherry",Furniture,Furnishings,5,20,155.71,20.64,0.13,1196
Weyerhaeuser First Choice Laser/Copy Paper (20Lb. and 88 Bright),Office Supplies,Paper,5,25,155.52,71.28,0.46,1197
"Eldon Stackable Tray, Side-Load, Legal, Smoke",Furniture,Furnishings,5,17,155.38,52.83,0.34,1198
Avery 503,Office Supplies,Labels,4,15,155.25,74.52,0.48,1199
Xerox 1918,Office Supplies,Paper,1,4,155.04,75.97,0.49,1200
Imation 30456 USB Flash Drive 8GB,Technology,Accessories,5,23,154.56,8.56,0.06,1201
"Master Caster Door Stop, Large Neon Orange",Furniture,Furnishings,7,27,154.34,42.30,0.27,1202
"Permanent Self-Adhesive File Folder Labels for Typewriters, 1 1/8 x 3 1/2, White",Office Supplies,Labels,6,29,153.72,55.06,0.36,1203
Self-Adhesive Address Labels for Typewriters by Universal,Office Supplies,Labels,7,23,153.51,64.40,0.42,1204
"Message Book, Wirebound, Four 5 1/2"" X 4"" Forms/Pg., 200 Dupl. Sets/Book",Office Supplies,Paper,6,18,152.14,54.07,0.36,1205
"Master Big Foot Doorstop, Beige",Furniture,Furnishings,6,30,152.06,42.77,0.28,1206
Nu-Dell Oak Frame,Furniture,Furnishings,3,16,151.66,35.46,0.23,1207
Xerox 217,Office Supplies,Paper,8,25,151.63,67.39,0.44,1208
Southworth 100% Cotton The Best Paper,Office Supplies,Paper,3,15,151.54,65.44,0.43,1209
"Holmes Replacement Filter for HEPA Air Cleaner, Large Room",Office Supplies,Appliances,4,12,151.06,47.98,0.32,1210
"Verbatim 25 GB 6x Blu-ray Single Layer Recordable Disc, 10/Pack",Technology,Accessories,5,14,150.67,41.96,0.28,1211
Xerox 205,Office Supplies,Paper,4,24,150.34,69.47,0.46,1212
Acco 6 Outlet Guardian Standard Surge Suppressor,Office Supplies,Appliances,5,15,149.92,22.97,0.15,1213
Xerox 1948,Office Supplies,Paper,3,15,149.85,67.43,0.45,1214
"Eldon Expressions Wood and Plastic Desk Accessories, Oak",Furniture,Furnishings,5,15,149.70,41.92,0.28,1215
Sanford Liquid Accent Highlighters,Office Supplies,Art,5,24,149.63,48.63,0.33,1216
Ultra Door Push Plate,Furniture,Furnishings,7,34,149.26,37.41,0.25,1217
KeyTronic KT400U2 - Keyboard - Black,Technology,Accessories,3,15,148.03,24.67,0.17,1218
Anker Astro Mini 3000mAh Ultra-Compact Portable Charger,Technology,Phones,4,9,147.93,-31.98,-0.22,1219
Xerox 1993,Office Supplies,Paper,8,24,147.74,68.43,0.46,1220
Kensington 6 Outlet SmartSocket Surge Protector,Office Supplies,Appliances,2,6,147.53,-36.88,-0.25,1221
"Holmes Cool Mist Humidifier for the Whole House with 8-Gallon Output per Day, Extended Life Filter",Office Supplies,Appliances,4,9,147.26,48.76,0.33,1222
"ACCOHIDE 3-Ring Binder, Blue, 1""",Office Supplies,Binders,13,44,147.03,50.72,0.34,1223
"GBC Laser Imprintable Binding System Covers, Desert Sand",Office Supplies,Binders,6,17,146.98,18.41,0.13,1224
"#10- 4 1/8"" x 9 1/2"" Security-Tint Envelopes",Office Supplies,Envelopes,8,21,146.69,64.86,0.44,1225
Maxell 4.7GB DVD-RW 3/Pack,Technology,Accessories,4,10,146.56,41.42,0.28,1226
Xerox 1905,Office Supplies,Paper,5,23,146.45,68.95,0.47,1227
Tensor Brushed Steel Torchiere Floor Lamp,Furniture,Furnishings,4,10,146.11,6.80,0.05,1228
Newell 315,Office Supplies,Art,6,25,145.91,33.79,0.23,1229
"Personal Folder Holder, Ebony",Office Supplies,Storage,6,14,145.73,35.87,0.25,1230
"DAX Cubicle Frames, 8-1/2 x 11",Furniture,Furnishings,4,17,145.69,52.45,0.36,1231
Xerox 220,Office Supplies,Paper,8,25,145.15,60.91,0.42,1232
Astroparche Fine Business Paper,Office Supplies,Paper,6,29,144.67,65.05,0.45,1233
Telescoping Adjustable Floor Lamp,Furniture,Furnishings,6,10,143.93,-6.00,-0.04,1234
Xerox 203,Office Supplies,Paper,6,24,143.86,62.99,0.44,1235
"Wilson Jones Hanging View Binder, White, 1""",Office Supplies,Binders,7,23,143.42,55.24,0.39,1236
Avery Self-Adhesive Photo Pockets for Polaroid Photos,Office Supplies,Binders,11,41,143.01,-2.18,-0.02,1237
Xerox 192,Office Supplies,Paper,6,22,142.56,68.43,0.48,1238
Flexible Leather- Look Classic Collection Ring Binder,Office Supplies,Binders,6,13,142.05,18.94,0.13,1239
Ibico Recycled Grain-Textured Covers,Office Supplies,Binders,4,8,141.61,3.45,0.02,1240
Xerox 23,Office Supplies,Paper,6,23,141.26,63.76,0.45,1241
Xerox 212,Office Supplies,Paper,7,25,141.26,57.02,0.40,1242
"Eberhard Faber 3 1/2"" Golf Pencils",Office Supplies,Art,7,20,139.87,28.27,0.20,1243
"OIC Colored Binder Clips, Assorted Sizes",Office Supplies,Fasteners,7,44,139.62,59.28,0.42,1244
"Advantus Push Pins, Aluminum Head",Office Supplies,Fasteners,5,24,139.44,43.23,0.31,1245
Xerox 4200 Series MultiUse Premium Copy Paper (20Lb. and 84 Bright),Office Supplies,Paper,8,30,139.39,52.27,0.38,1246
Xerox 1903,Office Supplies,Paper,6,24,138.74,65.54,0.47,1247
Xerox 1930,Office Supplies,Paper,5,24,138.67,59.36,0.43,1248
Things To Do Today Pad,Office Supplies,Paper,7,26,138.53,59.17,0.43,1249
"50 Colored Long Pencils",Office Supplies,Art,5,14,138.18,32.92,0.24,1250
"Eldon 200 Class Desk Accessories, Smoke",Furniture,Furnishings,4,22,138.16,58.03,0.42,1251
"Avery 3 1/2"" Diskette Storage Pages, 10/Pack",Office Supplies,Binders,6,27,137.81,-14.41,-0.10,1252
Acco 3-Hole Punch,Office Supplies,Binders,9,36,137.53,55.54,0.40,1253
Xerox 2,Office Supplies,Paper,9,25,137.38,53.14,0.39,1254
GBC Binding covers,Office Supplies,Binders,3,11,137.27,58.92,0.43,1255
C-Line Cubicle Keepers Polyproplyene Holder With Velcro Backings,Furniture,Furnishings,8,31,137.17,47.73,0.35,1256
Avery 476,Office Supplies,Labels,10,37,137.12,54.60,0.40,1257
Riverleaf Stik-Withit Designer Note Cubes,Office Supplies,Paper,5,15,136.82,55.33,0.40,1258
"Cardinal HOLDit! Binder Insert Strips,Extra Strips",Office Supplies,Binders,9,41,136.73,4.37,0.03,1259
"Barricks Non-Folding Utility Table with Steel Legs, Laminate Tops",Furniture,Tables,1,2,136.46,15.35,0.11,1260
"GBC Clear Cover, 8-1/2 x 11, unpunched, 25 covers per pack",Office Supplies,Binders,4,15,136.44,13.64,0.10,1261
Xerox 1947,Office Supplies,Paper,5,25,136.34,54.12,0.40,1262
"C-Line Magnetic Cubicle Keepers, Clear Polypropylene",Furniture,Furnishings,7,28,136.34,56.12,0.41,1262
Stiletto Hand Letter Openers,Office Supplies,Supplies,4,17,136.32,-21.98,-0.16,1264
Memorex Froggy Flash Drive 4 GB,Technology,Accessories,5,14,136.28,42.42,0.31,1265
Avery Metallic Poly Binders,Office Supplies,Binders,6,31,135.80,43.43,0.32,1266
"Eldon 200 Class Desk Accessories, Burgundy",Furniture,Furnishings,5,25,135.65,44.59,0.33,1267
Xerox 222,Office Supplies,Paper,7,22,134.78,60.65,0.45,1268
Wilson Jones Impact Binders,Office Supplies,Binders,9,42,134.68,23.72,0.18,1269
Fellowes Presentation Covers for Comb Binding Machines,Office Supplies,Binders,2,14,133.86,21.83,0.16,1270
Xerox 1959,Office Supplies,Paper,6,21,133.60,60.65,0.45,1271
Eldon 200 Class Desk Accessories,Furniture,Furnishings,7,22,133.14,39.19,0.29,1272
OtterBox Defender Series Case - iPhone 5c,Technology,Phones,2,5,133.13,3.70,0.03,1273
"Adams Telephone Message Book W/Dividers/Space For Phone Numbers, 5 1/4""X8 1/2"", 300/Messages",Office Supplies,Paper,10,24,132.89,60.92,0.46,1274
Hewlett-Packard 300S Scientific Calculator,Technology,Machines,2,10,131.10,60.31,0.46,1275
"Acco Pressboard Covers with Storage Hooks, 14 7/8"" x 11"", Light Blue",Office Supplies,Binders,11,45,131.10,18.41,0.14,1276
Xerox 1977,Office Supplies,Paper,6,20,130.93,61.46,0.47,1277
Universal Premium White Copier/Laser Paper (20Lb. and 87 Bright),Office Supplies,Paper,5,24,129.17,55.97,0.43,1278
Harmony HEPA Quiet Air Purifiers,Office Supplies,Appliances,4,12,128.70,37.44,0.29,1279
OIC Binder Clips,Office Supplies,Fasteners,7,38,128.16,60.14,0.47,1280
Newell 325,Office Supplies,Art,6,34,128.03,29.74,0.23,1281
PowerGen Dual USB Car Charger,Technology,Phones,4,14,127.87,52.35,0.41,1282
Newell 347,Office Supplies,Art,7,32,127.54,30.30,0.24,1283
Xerox 230,Office Supplies,Paper,5,21,127.01,56.25,0.44,1284
KLD Oscar II Style Snap-on Ultra Thin Side Flip Synthetic Leather Cover Case for HTC One HTC M7,Technology,Phones,3,13,126.36,36.64,0.29,1285
"Wirebound Service Call Books, 5 1/2"" x 4""",Office Supplies,Paper,5,13,125.84,60.40,0.48,1286
DAX Cubicle Frames - 8x10,Furniture,Furnishings,5,26,125.79,20.77,0.17,1287
"Manila Recycled Extra-Heavyweight Clasp Envelopes, 6"" x 9""",Office Supplies,Envelopes,4,13,125.17,52.37,0.42,1288
Dell Slim USB Multimedia Keyboard,Technology,Accessories,2,5,125.00,30.00,0.24,1289
"Ampad Phone Message Book, Recycled, 400 Message Capacity, 5 ¾” x 11”",Office Supplies,Paper,5,20,124.80,56.16,0.45,1290
Deflect-O Glasstique Clear Desk Accessories,Furniture,Furnishings,3,17,124.74,37.04,0.30,1291
Xerox 1928,Office Supplies,Paper,4,26,124.61,49.10,0.39,1292
"DXL Angle-View Binders with Locking Rings, Black",Office Supplies,Binders,4,26,124.59,42.05,0.34,1293
"6"" Cubicle Wall Clock, Black",Furniture,Furnishings,4,19,124.59,26.21,0.21,1294
Panasonic KP-350BK Electric Pencil Sharpener with Auto Stop,Office Supplies,Art,3,4,124.49,26.28,0.21,1295
Xerox 21,Office Supplies,Paper,7,24,124.42,43.55,0.35,1296
Avery Hi-Liter Smear-Safe Highlighters,Office Supplies,Art,6,24,123.81,34.11,0.28,1297
"BIC Brite Liner Highlighters, Chisel Tip",Office Supplies,Art,6,21,123.12,30.59,0.25,1298
VariCap6 Expandable Binder,Office Supplies,Binders,3,10,122.83,31.14,0.25,1299
Xerox 1907,Office Supplies,Paper,3,10,122.80,57.72,0.47,1300
"Acco Four Pocket Poly Ring Binder with Label Holder, Smoke, 1""",Office Supplies,Binders,6,28,122.18,7.45,0.06,1301
Xerox 1995,Office Supplies,Paper,6,22,121.82,47.69,0.39,1302
"Ink Jet Note and Greeting Cards, 8-1/2"" x 5-1/2"" Card Size",Office Supplies,Paper,3,6,121.39,48.56,0.40,1303
Avery 519,Office Supplies,Labels,6,18,121.35,51.61,0.43,1304
"Eldon Expressions Punched Metal & Wood Desk Accessories, Pewter & Cherry",Furniture,Furnishings,3,13,121.30,21.71,0.18,1305
Crayola Colored Pencils,Office Supplies,Art,11,40,120.70,32.80,0.27,1306
Xerox 227,Office Supplies,Paper,8,22,120.53,46.40,0.38,1307
Xerox 232,Office Supplies,Paper,4,19,120.53,56.51,0.47,1308
"Wirebound Four 2-3/4 x 5 Forms per Page, 400 Sets per Book",Office Supplies,Paper,6,22,119.97,47.60,0.40,1309
Cardinal Slant-D Ring Binders,Office Supplies,Binders,5,17,119.92,46.06,0.38,1310
"Bush Saratoga Collection 5-Shelf Bookcase, Hanover Cherry, *Special Order",Furniture,Bookcases,1,1,119.83,-12.69,-0.11,1311
DAX Clear Channel Poster Frame,Furniture,Furnishings,3,10,119.56,27.70,0.23,1312
Cyber Acoustics AC-202b Speech Recognition Stereo Headset,Technology,Phones,5,11,119.51,-20.52,-0.17,1313
"Message Book, Phone, Wirebound Standard Line Memo, 2 3/4"" X 5""",Office Supplies,Paper,5,19,119.21,52.01,0.44,1314
"BIC Brite Liner Grip Highlighters, Assorted, 5/Pack",Office Supplies,Art,6,29,118.72,43.71,0.37,1315
Newell 314,Office Supplies,Art,7,24,118.30,17.86,0.15,1316
"Wilson Jones 1"" Hanging DublLock Ring Binders",Office Supplies,Binders,10,46,117.74,-8.55,-0.07,1317
"SlimView Poly Binder, 3/8""",Office Supplies,Binders,7,40,117.59,5.70,0.05,1318
"Electrix Incandescent Magnifying Lamp, Black",Furniture,Furnishings,2,5,117.28,-16.49,-0.14,1319
Strathmore Photo Frame Cards,Office Supplies,Paper,4,16,116.96,53.80,0.46,1320
Avery Hole Reinforcements,Office Supplies,Binders,9,32,116.50,14.83,0.13,1321
"Avery Durable Plastic 1"" Binders",Office Supplies,Binders,7,34,116.22,37.50,0.32,1322
"Wirebound Message Books, Four 2 3/4 x 5 Forms per Page, 200 Sets per Book",Office Supplies,Paper,6,26,115.43,47.22,0.41,1323
Avery Printable Repositionable Plastic Tabs,Office Supplies,Binders,6,16,115.24,42.31,0.37,1324
Longer-Life Soft White Bulbs,Furniture,Furnishings,10,44,115.19,44.72,0.39,1325
Wilson Jones Active Use Binders,Office Supplies,Binders,6,21,115.02,37.06,0.32,1326
Xerox 1949,Office Supplies,Paper,8,28,114.54,43.43,0.38,1327
Xerox 1971,Office Supplies,Paper,6,28,113.85,47.94,0.42,1328
Avery File Folder Labels,Office Supplies,Labels,13,44,113.47,48.84,0.43,1329
DAX Solid Wood Frames,Furniture,Furnishings,3,13,113.33,33.32,0.29,1330
Akro-Mils 12-Gallon Tote,Office Supplies,Storage,4,13,113.20,21.55,0.19,1331
Pressboard Hanging Data Binders for Unburst Sheets,Office Supplies,Binders,10,48,112.67,-10.14,-0.09,1332
Xerox 213,Office Supplies,Paper,6,18,111.46,50.80,0.46,1333
"Eldon Image Series Desk Accessories, Burgundy",Furniture,Furnishings,8,31,111.19,28.26,0.25,1334
"Dixon Prang Watercolor Pencils, 10-Color Set with Brush",Office Supplies,Art,7,27,110.76,42.90,0.39,1335
SpineVue Locking Slant-D Ring Binders by Cardinal,Office Supplies,Binders,8,22,110.59,6.03,0.05,1336
Avery Heavy-Duty EZD  Binder With Locking Rings,Office Supplies,Binders,6,28,110.48,29.24,0.26,1337
Self-Adhesive Removable Labels,Office Supplies,Labels,7,35,110.25,52.92,0.48,1338
Xerox 204,Office Supplies,Paper,4,17,110.16,52.88,0.48,1339
"Eureka Recycled Copy Paper 8 1/2"" x 11"", Ream",Office Supplies,Paper,6,19,110.16,46.14,0.42,1339
Xerox 201,Office Supplies,Paper,5,19,110.16,46.14,0.42,1339
"Rediform Wirebound ""Phone Memo"" Message Book, 11 x 5-3/4",Office Supplies,Paper,5,17,110.02,43.78,0.40,1342
Recycled Premium Regency Composition Covers,Office Supplies,Binders,3,9,110.02,39.88,0.36,1342
Avery 516,Office Supplies,Labels,4,15,109.65,51.54,0.47,1344
"Wirebound Message Books, Two 4 1/4"" x 5"" Forms per Page",Office Supplies,Paper,6,15,109.58,49.08,0.45,1345
Xerox 1962,Office Supplies,Paper,7,28,109.57,43.66,0.40,1346
Dana Swing-Arm Lamps,Furniture,Furnishings,7,15,108.94,-11.21,-0.10,1347
#10 Self-Seal White Envelopes,Office Supplies,Envelopes,4,10,108.68,52.12,0.48,1348
GBC Standard Plastic Binding Systems' Combs,Office Supplies,Binders,8,30,108.64,5.02,0.05,1349
"Wirebound Message Books, 2 7/8"" x 5"", 3 Forms per Page",Office Supplies,Paper,3,17,108.42,44.99,0.41,1350
"Eldon Expressions Desk Accessory, Wood Pencil Holder, Oak",Furniture,Furnishings,4,15,108.08,6.76,0.06,1351
"3M Hangers With Command Adhesive",Furniture,Furnishings,8,33,108.04,36.00,0.33,1352
Micro Innovations Wireless Classic Keyboard with Mouse,Technology,Accessories,2,4,107.96,9.60,0.09,1353
SanDisk Cruzer 16 GB USB Flash Drive,Technology,Accessories,3,10,107.91,14.92,0.14,1354
"Ampad Gold Fibre Wirebound Steno Books, 6"" x 9"", Gregg Ruled",Office Supplies,Paper,8,25,106.72,47.19,0.44,1355
Avery 518,Office Supplies,Labels,8,35,106.47,49.14,0.46,1356
HP Office Recycled Paper (20Lb. and 87 Bright),Office Supplies,Paper,4,19,106.35,50.34,0.47,1357
"Array Parchment Paper, Assorted Colors",Office Supplies,Paper,4,15,106.29,49.50,0.47,1358
Belkin 7-Outlet SurgeMaster Home Series,Office Supplies,Appliances,5,10,106.17,2.79,0.03,1359
Avery Hanging File Binders,Office Supplies,Binders,6,26,105.85,21.89,0.21,1360
Xerox 1900,Office Supplies,Paper,7,26,105.29,44.08,0.42,1361
Rosewill 107 Normal Keys USB Wired Standard Keyboard,Technology,Accessories,3,9,105.14,0.81,0.01,1362
Xerox 211,Office Supplies,Paper,4,19,104.98,40.95,0.39,1363
Samsung Replacement EH64AVFWE Premium Headset,Technology,Phones,5,21,104.50,17.88,0.17,1364
Memorex Micro Travel Drive 4 GB,Technology,Accessories,3,11,103.88,37.42,0.36,1365
Avery Personal Creations Heavyweight Cards,Office Supplies,Paper,3,11,103.86,37.85,0.36,1366
"Pressboard Covers with Storage Hooks, 9 1/2"" x 11"", Light Blue",Office Supplies,Binders,12,44,102.62,-11.88,-0.12,1367
Boston 16765 Mini Stand Up Battery Pencil Sharpener,Office Supplies,Art,4,10,102.61,16.32,0.16,1368
"TOPS 4 x 6 Fluorescent Color Memo Sheets, 500 Sheets per Pack",Office Supplies,Paper,3,13,102.49,37.11,0.36,1369
Fellowes Black Plastic Comb Bindings,Office Supplies,Binders,9,34,102.26,-4.42,-0.04,1370
Acme Titanium Bonded Scissors,Office Supplies,Supplies,5,13,102.00,20.23,0.20,1371
Hewlett-Packard Deskjet F4180 All-in-One Color Ink-jet - Printer / copier / scanner,Technology,Machines,1,2,101.99,-71.40,-0.70,1372
"Linden 12"" Wall Clock With Oak Frame",Furniture,Furnishings,1,3,101.94,30.58,0.30,1373
Xerox 1970,Office Supplies,Paper,6,22,101.59,43.53,0.43,1374
Zebra Zazzle Fluorescent Highlighters,Office Supplies,Art,6,20,100.93,20.67,0.20,1375
Wilson Jones “Snap” Scratch Pad Binder Tool for Ring Binders,Office Supplies,Binders,5,22,100.92,30.74,0.30,1376
Cardinal Holdit Data Disk Pockets,Office Supplies,Binders,3,16,100.46,38.73,0.39,1377
Wilson Jones 14 Line Acrylic Coated Pressboard Data Binders,Office Supplies,Binders,4,23,100.39,35.30,0.35,1378
Prang Drawing Pencil Set,Office Supplies,Art,11,39,100.08,27.08,0.27,1379
Xerox Blank Computer Paper,Office Supplies,Paper,1,5,99.90,46.95,0.47,1380
"Avery Framed View Binder, EZD Ring (Locking), Navy, 1 1/2""",Office Supplies,Binders,6,19,99.80,-0.70,-0.01,1381
Pressboard Data Binders by Wilson Jones,Office Supplies,Binders,8,27,99.32,22.91,0.23,1382
Portfile Personal File Boxes,Office Supplies,Storage,2,7,99.12,7.43,0.08,1383
"Telephone Message Books with Fax/Mobile Section, 5 1/2"" x 3 3/16""",Office Supplies,Paper,6,17,99.06,40.77,0.41,1384
"GE 4 Foot Flourescent Tube, 40 Watt",Furniture,Furnishings,3,7,98.87,42.24,0.43,1385
Xerox 1999,Office Supplies,Paper,7,17,98.50,41.21,0.42,1386
Eldon Executive Woodline II Cherry Finish Desk Accessories,Furniture,Furnishings,2,6,98.14,-78.51,-0.80,1387
"Executive Impressions 14"" Contract Wall Clock with Quartz Movement",Furniture,Furnishings,2,8,97.81,-1.78,-0.02,1388
Fiskars Home & Office Scissors,Office Supplies,Supplies,3,11,97.68,27.35,0.28,1389
Xerox 1952,Office Supplies,Paper,4,20,97.61,44.82,0.46,1390
Xerox 219,Office Supplies,Paper,4,15,97.20,46.66,0.48,1391
Xerox 228,Office Supplies,Paper,4,15,97.20,46.66,0.48,1391
Avery 495,Office Supplies,Labels,4,16,97.02,42.59,0.44,1393
Newell 341,Office Supplies,Art,7,23,96.73,26.84,0.28,1394
Wilson Jones Standard D-Ring Binders,Office Supplies,Binders,8,26,96.65,26.92,0.28,1395
Sabrent 4-Port USB 2.0 Hub,Technology,Accessories,4,15,96.42,29.20,0.30,1396
Dax Clear Box Frame,Furniture,Furnishings,6,14,96.03,15.36,0.16,1397
"Dixon My First Ticonderoga Pencil, #2",Office Supplies,Art,4,19,95.94,17.02,0.18,1398
Xerox 210,Office Supplies,Paper,6,18,95.90,35.25,0.37,1399
Xerox 224,Office Supplies,Paper,6,17,95.90,38.62,0.40,1400
Xerox 1957,Office Supplies,Paper,6,17,95.90,39.72,0.41,1400
Avery 51,Office Supplies,Labels,5,16,95.76,41.33,0.43,1402
Avery White Multi-Purpose Labels,Office Supplies,Labels,4,20,95.62,41.83,0.44,1403
Acme Elite Stainless Steel Scissors,Office Supplies,Supplies,5,12,95.08,21.02,0.22,1404
Newell 31,Office Supplies,Art,5,24,94.99,23.62,0.25,1405
"Adams Phone Message Book, Professional, 400 Message Capacity, 5 3/6” x 11”",Office Supplies,Paper,3,14,94.93,43.14,0.45,1406
DIXON Ticonderoga Erasable Checking Pencils,Office Supplies,Art,7,20,94.86,26.78,0.28,1407
Xerox 1923,Office Supplies,Paper,5,16,94.86,39.28,0.41,1408
Storex DuraTech Recycled Plastic Frosted Binders,Office Supplies,Binders,8,39,94.13,11.45,0.12,1409
Acrylic Self-Standing Desk Frames,Furniture,Furnishings,8,37,93.98,32.73,0.35,1410
Avery 513,Office Supplies,Labels,5,22,93.62,34.46,0.37,1411
Eldon Expressions Mahogany Wood Desk Collection,Furniture,Furnishings,2,15,93.60,23.40,0.25,1412
"Tensor ""Hersey Kiss"" Styled Floor Lamp",Furniture,Furnishings,3,8,93.53,2.08,0.02,1413
"Snap-A-Way Black Print Carbonless Speed Message, No Reply Area, Duplicate",Office Supplies,Paper,1,4,93.25,31.47,0.34,1414
"Redi-Strip #10 Envelopes, 4 1/8 x 9 1/2",Office Supplies,Envelopes,7,35,93.22,39.53,0.42,1415
Newell 35,Office Supplies,Art,9,30,93.15,23.29,0.25,1416
Presstex Flexible Ring Binders,Office Supplies,Binders,8,30,92.82,24.57,0.26,1417
Xerox 196,Office Supplies,Paper,8,18,92.48,39.42,0.43,1418
Xerox 1987,Office Supplies,Paper,4,16,92.48,45.32,0.49,1419
OIC Bulk Pack Metal Binder Clips,Office Supplies,Fasteners,8,30,92.14,35.60,0.39,1420
Avery Binding System Hidden Tab Executive Style Index Sets,Office Supplies,Binders,8,26,91.74,16.73,0.18,1421
Acco Translucent Poly Ring Binders,Office Supplies,Binders,8,31,91.73,16.29,0.18,1422
Hoover Commercial Soft Guard Upright Vacuum And Disposable Filtration Bags,Office Supplies,Appliances,4,18,91.69,-10.41,-0.11,1423
Akro Stacking Bins,Office Supplies,Storage,6,13,91.52,-6.94,-0.08,1424
Penpower WorldCard Pro Card Scanner,Technology,Machines,1,1,91.48,-1.83,-0.02,1425
"Acco Pressboard Covers with Storage Hooks, 9 1/2"" x 11"", Executive Red",Office Supplies,Binders,9,28,91.44,34.90,0.38,1426
Avery 481,Office Supplies,Labels,5,30,91.17,43.12,0.47,1427
"Bush Westfield Collection Bookcases, Dark Cherry Finish, Fully Assembled",Furniture,Bookcases,1,3,90.88,-190.85,-2.10,1428
Acme Preferred Stainless Steel Scissors,Office Supplies,Supplies,4,16,90.88,26.36,0.29,1429
Fluorescent Highlighters by Dixon,Office Supplies,Art,5,26,90.74,22.45,0.25,1430
Avery 48,Office Supplies,Labels,3,15,90.72,39.69,0.44,1431
Avery Durable Slant Ring Binders With Label Holder,Office Supplies,Binders,9,36,90.71,12.46,0.14,1432
Prang Colored Pencils,Office Supplies,Art,7,32,90.55,38.81,0.43,1433
Xerox 1920,Office Supplies,Paper,4,15,89.70,40.37,0.45,1434
Xerox 1956,Office Supplies,Paper,2,16,89.70,40.90,0.46,1435
"Avery Durable Slant Ring Binders, No Labels",Office Supplies,Binders,9,36,89.55,13.61,0.15,1436
Xerox 1967,Office Supplies,Paper,5,15,89.42,38.88,0.43,1437
"RSVP Cards & Envelopes, Blank White, 8-1/2"" X 11"", 24 Cards/25 Envelopes/Set",Office Supplies,Paper,6,19,89.41,38.25,0.43,1438
Avery 480,Office Supplies,Labels,6,24,89.25,42.45,0.48,1439
Acme Design Stainless Steel Bent Scissors,Office Supplies,Supplies,3,13,88.92,24.01,0.27,1440
"Binney & Smith Crayola Metallic Colored Pencils, 8-Color Set",Office Supplies,Art,7,20,88.90,26.85,0.30,1441
Avery 478,Office Supplies,Labels,4,18,88.38,43.31,0.49,1442
Manco Dry-Lighter Erasable Highlighter,Office Supplies,Art,7,30,88.16,27.97,0.32,1443
"TOPS Money Receipt Book, Consecutively Numbered in Red,",Office Supplies,Paper,2,11,88.11,39.65,0.45,1444
AmazonBasics 3-Button USB Wired Mouse,Technology,Accessories,5,14,88.07,32.29,0.37,1445
"Bravo II Megaboss 12-Amp Hard Body Upright, Replacement Belts, 2 Belts per Pack",Office Supplies,Appliances,5,29,87.75,20.83,0.24,1446
Advantus Map Pennant Flags and Round Head Tacks,Office Supplies,Fasteners,6,25,87.69,20.54,0.23,1447
Cardinal Holdit Business Card Pockets,Office Supplies,Binders,8,25,87.65,22.91,0.26,1448
Advantus Panel Wall Acrylic Frame,Furniture,Furnishings,5,20,87.52,25.16,0.29,1449
Avery 508,Office Supplies,Labels,6,19,87.40,39.82,0.46,1450
Avery Durable Binders,Office Supplies,Binders,12,50,87.26,13.82,0.16,1451
HP Office Paper (20Lb. and 87 Bright),Office Supplies,Paper,2,14,86.84,38.21,0.44,1452
Newell 333,Office Supplies,Art,11,33,86.74,18.85,0.22,1453
Xerox 1992,Office Supplies,Paper,4,15,86.11,40.37,0.47,1454
BIC Brite Liner Highlighters,Office Supplies,Art,7,23,86.11,30.88,0.36,1454
Boston 16701 Slimline Battery Pencil Sharpener,Office Supplies,Art,2,6,86.08,19.13,0.22,1456
"C-Line Peel & Stick Add-On Filing Pockets, 8-3/4 x 5-1/8, 10/Pack",Office Supplies,Binders,4,21,86.00,15.10,0.18,1457
Prestige Round Ring Binders,Office Supplies,Binders,8,21,85.73,18.06,0.21,1458
Xerox 229,Office Supplies,Paper,3,15,85.54,34.99,0.41,1459
Xerox 1986,Office Supplies,Paper,4,13,85.50,40.35,0.47,1460
"Acco Recycled 2"" Capacity Laser Printer Hanging Data Binders",Office Supplies,Binders,4,10,85.26,8.67,0.10,1461
Xerox 1932,Office Supplies,Paper,1,3,85.06,28.71,0.34,1462
Avery 487,Office Supplies,Labels,7,25,84.87,35.98,0.42,1463
"Westinghouse Mesh Shade Clip-On Gooseneck Lamp, Black",Furniture,Furnishings,2,6,84.84,22.06,0.26,1464
Magna Visual Magnetic Picture Hangers,Furniture,Furnishings,6,19,84.83,28.05,0.33,1465
Xerox 1954,Office Supplies,Paper,4,18,84.48,32.21,0.38,1466
Avery 512,Office Supplies,Labels,5,32,84.39,35.37,0.42,1467
Xerox 200,Office Supplies,Paper,5,15,84.24,33.70,0.40,1468
Xerox 2000,Office Supplies,Paper,5,14,84.24,37.07,0.44,1469
"Hunt BOSTON Vista Battery-Operated Pencil Sharpener, Black",Office Supplies,Art,4,8,83.95,15.86,0.19,1470
Belkin iPhone and iPad Lightning Cable,Technology,Phones,2,7,83.94,6.30,0.08,1471
"Eureka Sanitaire  Multi-Pro Heavy-Duty Upright, Disposable Bags",Office Supplies,Appliances,5,22,83.90,12.76,0.15,1472
Southworth Parchment Paper & Envelopes,Office Supplies,Paper,6,15,83.71,30.74,0.37,1473
Avery 483,Office Supplies,Labels,6,19,83.66,32.57,0.39,1474
"Master Giant Foot Doorstop, Safety Yellow",Furniture,Furnishings,3,12,83.49,31.57,0.38,1475
"Verbatim 25 GB 6x Blu-ray Single Layer Recordable Disc, 1/Pack",Technology,Accessories,3,14,83.44,11.47,0.14,1476
Newell Chalk Holder,Office Supplies,Art,7,21,83.43,36.59,0.44,1477
"3M Organizer Strips",Office Supplies,Binders,7,26,83.16,10.15,0.12,1478
Avery Durable Poly Binders,Office Supplies,Binders,6,33,82.95,-15.59,-0.19,1479
OIC Stacking Trays,Furniture,Furnishings,6,30,82.83,26.72,0.32,1480
Newell 351,Office Supplies,Art,7,26,82.66,22.11,0.27,1481
Things To Do Today Spiral Book,Office Supplies,Paper,3,13,82.37,29.86,0.36,1482
Xerox 1902,Office Supplies,Paper,2,4,82.22,32.89,0.40,1483
Zipper Ring Binder Pockets,Office Supplies,Binders,13,44,81.74,11.73,0.14,1484
"Premium Writing Pencils, Soft, #2 by Central Association for the Blind",Office Supplies,Art,7,29,81.65,19.43,0.24,1485
Acme Stainless Steel Office Snips,Office Supplies,Supplies,4,13,81.42,12.43,0.15,1486
Newell 320,Office Supplies,Art,7,23,81.32,9.46,0.12,1487
G.E. Longer-Life Indoor Recessed Floodlight Bulbs,Furniture,Furnishings,6,16,81.01,25.76,0.32,1488
"Adams Telephone Message Books, 5 1/4” x 11”",Office Supplies,Paper,5,15,80.94,32.92,0.41,1489
"Verbatim Slim CD and DVD Storage Cases, 50/Pack",Technology,Accessories,4,8,80.78,16.16,0.20,1490
"Quartet Omega Colored Chalk, 12/Pack",Office Supplies,Art,7,15,80.59,34.16,0.42,1491
Tuff Stuff Recycled Round Ring Binders,Office Supplies,Binders,9,23,80.49,23.96,0.30,1492
Xerox 221,Office Supplies,Paper,4,14,80.35,33.18,0.41,1493
Newell 317,Office Supplies,Art,7,32,79.97,13.17,0.16,1494
Eldon File Chest Portable File,Office Supplies,Storage,1,5,79.40,5.96,0.08,1495
QVS USB Car Charger 2-Port 2.1Amp for iPod/iPhone/iPad/iPad 2/iPad 3,Technology,Phones,5,13,79.23,29.54,0.37,1496
Xerox 1966,Office Supplies,Paper,6,14,79.06,32.79,0.41,1497
Xerox 231,Office Supplies,Paper,5,14,79.06,31.88,0.40,1497
Xerox 1946,Office Supplies,Paper,3,13,79.06,35.25,0.45,1497
Avery 474,Office Supplies,Labels,9,30,78.34,34.27,0.44,1500
Sterilite Show Offs Storage Containers,Office Supplies,Storage,5,16,78.14,-6.34,-0.08,1501
Avery Poly Binder Pockets,Office Supplies,Binders,8,34,78.04,14.75,0.19,1502
Fashion Color Clasp Envelopes,Office Supplies,Envelopes,3,15,77.90,36.52,0.47,1503
Bulldog Table or Wall-Mount Pencil Sharpener,Office Supplies,Art,3,13,77.87,22.58,0.29,1504
Xerox 193,Office Supplies,Paper,3,13,77.74,38.09,0.49,1505
Plymouth Boxed Rubber Bands by Plymouth,Office Supplies,Fasteners,5,18,77.24,-3.30,-0.04,1506
Xerox 1963,Office Supplies,Paper,3,17,77.09,27.72,0.36,1507
"Memo Book, 100 Message Capacity, 5 3/8” x 11”",Office Supplies,Paper,3,12,76.84,36.40,0.47,1508
Acme Value Line Scissors,Office Supplies,Supplies,10,22,76.65,20.44,0.27,1509
Xerox 1994,Office Supplies,Paper,4,13,76.46,32.66,0.43,1510
"Geographics Note Cards, Blank, White, 8 1/2"" x 11""",Office Supplies,Paper,3,8,76.09,29.54,0.39,1511
Newell 328,Office Supplies,Art,3,13,75.92,19.74,0.26,1512
Xerox 198,Office Supplies,Paper,3,16,75.70,33.47,0.44,1513
Rogers Handheld Barrel Pencil Sharpener,Office Supplies,Art,7,30,75.62,15.62,0.21,1514
"SmartStand Mobile Device Holder, Assorted Colors",Technology,Phones,3,13,75.49,10.07,0.13,1515
Fiskars Spring-Action Scissors,Office Supplies,Supplies,4,6,75.49,13.42,0.18,1516
"Eldon 200 Class Desk Accessories, Black",Furniture,Furnishings,2,12,75.36,28.64,0.38,1517
"Dixon Ticonderoga Erasable Colored Pencil Set, 12-Color",Office Supplies,Art,2,14,75.35,20.09,0.27,1518
Newell 331,Office Supplies,Art,4,17,75.31,14.62,0.19,1519
Xerox 22,Office Supplies,Paper,3,13,75.17,31.36,0.42,1520
KeyTronic KT800P2 - Keyboard - Black,Technology,Accessories,3,6,75.10,1.20,0.02,1521
Tops Wirebound Message Log Books,Office Supplies,Paper,6,25,73.70,29.28,0.40,1522
"Sanford Colorific Colored Pencils, 12/Box",Office Supplies,Art,5,26,73.15,20.74,0.28,1523
XtraLife ClearVue Slant-D Ring Binders by Cardinal,Office Supplies,Binders,5,22,72.91,-13.33,-0.18,1524
"Adams ""While You Were Out"" Message Pads",Office Supplies,Paper,5,24,72.85,31.40,0.43,1525
"Universal Recycled Hanging Pressboard Report Binders, Letter Size",Office Supplies,Binders,5,20,72.81,8.64,0.12,1526
Southworth Structures Collection,Office Supplies,Paper,2,10,72.80,36.40,0.50,1527
Stacking Trays by OIC,Furniture,Furnishings,6,19,72.71,9.31,0.13,1528
"Wirebound Message Books, 5-1/2 x 4 Forms, 2 or 4 Forms per Page",Office Supplies,Paper,3,12,72.25,31.31,0.43,1529
Ibico Presentation Index for Binding Systems,Office Supplies,Binders,7,27,72.04,15.08,0.21,1530
"Vtech AT&T CL2940 Corded Speakerphone, Black",Technology,Machines,1,3,71.98,24.29,0.34,1531
GBC Instant Index System for Binding Systems,Office Supplies,Binders,5,19,71.93,-12.43,-0.17,1532
#6 3/4 Gummed Flap White Envelopes,Office Supplies,Envelopes,4,9,71.28,24.95,0.35,1533
Smead Alpha-Z Color-Coded Name Labels First Letter Starter Set,Office Supplies,Labels,5,20,71.25,32.25,0.45,1534
Xerox 1981,Office Supplies,Paper,4,14,70.75,30.10,0.43,1535
"TOPS ""Important Message"" Pads, Canary, 4-1/4 x 5-1/2, 50 Sheets per Pad",Office Supplies,Paper,3,17,70.19,31.63,0.45,1536
Xerox 1975,Office Supplies,Paper,5,12,69.98,30.33,0.43,1537
Recycled Pressboard Report Cover with Reinforced Top Hinge,Office Supplies,Binders,8,34,69.77,13.76,0.20,1538
Stockwell Push Pins,Office Supplies,Fasteners,8,34,69.76,20.10,0.29,1539
Xerox 1899,Office Supplies,Paper,5,14,69.36,28.09,0.41,1540
Woodgrain Magazine Files by Perma,Office Supplies,Storage,6,24,69.14,2.62,0.04,1541
GBC Plasticlear Binding Covers,Office Supplies,Binders,7,23,68.88,-68.42,-0.99,1542
Avery 52,Office Supplies,Labels,6,19,68.63,31.48,0.46,1543
Newell 336,Office Supplies,Art,4,18,68.48,13.78,0.20,1544
"Recycled Interoffice Envelopes with Re-Use-A-Seal Closure, 10 x 13",Office Supplies,Envelopes,2,5,68.28,23.04,0.34,1545
Avoid Verbal Orders Carbonless Minifold Book,Office Supplies,Paper,5,21,68.28,29.95,0.44,1546
Avery Non-Stick Heavy Duty View Round Locking Ring Binders,Office Supplies,Binders,3,12,68.17,30.86,0.45,1547
Poly String Tie Envelopes,Office Supplies,Envelopes,11,35,68.14,30.29,0.44,1548
Barrel Sharpener,Office Supplies,Art,4,19,67.83,17.64,0.26,1549
Xerox 1897,Office Supplies,Paper,4,16,67.73,27.09,0.40,1550
"Acco PRESSTEX Data Binder with Storage Hooks, Light Blue, 9 1/2"" X 11""",Office Supplies,Binders,5,17,67.25,19.69,0.29,1551
Acco Hot Clips Clips to Go,Office Supplies,Fasteners,6,23,67.12,25.50,0.38,1552
Newell 332,Office Supplies,Art,5,24,67.03,15.52,0.23,1553
Avery 49,Office Supplies,Labels,6,24,66.82,31.56,0.47,1554
Wilson Jones data.warehouse D-Ring Binders with DublLock,Office Supplies,Binders,5,12,66.66,15.31,0.23,1555
Insertable Tab Post Binder Dividers,Office Supplies,Binders,8,25,66.57,-39.70,-0.60,1556
"Executive Impressions 8-1/2"" Career Panel/Partition Cubicle Clock",Furniture,Furnishings,2,7,66.56,18.51,0.28,1557
Avery 501,Office Supplies,Labels,8,22,66.42,23.39,0.35,1558
GBC ProClick Spines for 32-Hole Punch,Office Supplies,Binders,5,12,66.41,-13.28,-0.20,1559
Avery 506,Office Supplies,Labels,3,17,66.08,28.17,0.43,1560
"Acco Clips to Go Binder Clips, 24 Clips in Two Sizes",Office Supplies,Fasteners,5,19,66.03,30.28,0.46,1561
Newell 321,Office Supplies,Art,4,22,65.60,14.37,0.22,1562
Newell 348,Office Supplies,Art,6,24,65.60,9.71,0.15,1563
Pastel Pink Envelopes,Office Supplies,Envelopes,3,9,65.52,31.45,0.48,1564
Avery Fluorescent Highlighter Four-Color Set,Office Supplies,Art,8,24,65.46,9.35,0.14,1565
Cush Cases Heavy Duty Rugged Cover Case for Samsung Galaxy S5 - Purple,Technology,Phones,6,17,65.34,3.91,0.06,1566
Stackable Trays,Furniture,Furnishings,7,23,65.30,17.12,0.26,1567
Newell 343,Office Supplies,Art,7,24,65.27,13.76,0.21,1568
ACCOHIDE Binder by Acco,Office Supplies,Binders,4,21,65.25,19.29,0.30,1569
Xerox 1927,Office Supplies,Paper,5,18,65.06,22.68,0.35,1570
Belkin Grip Candy Sheer Case / Cover for iPhone 5 and 5S,Technology,Phones,3,8,64.97,12.99,0.20,1571
"Black Print Carbonless 8 1/2"" x 8 1/4"" Rapid Memo Book",Office Supplies,Paper,4,11,64.06,20.82,0.33,1572
Advantus T-Pin Paper Clips,Office Supplies,Fasteners,5,16,64.04,20.02,0.31,1573
Ultra Commercial Grade Dual Valve Door Closer,Furniture,Furnishings,1,2,63.82,9.57,0.15,1574
"Acco Pressboard Covers with Storage Hooks, 14 7/8"" x 11"", Executive Red",Office Supplies,Binders,8,37,63.63,-13.91,-0.22,1575
Shocksock Galaxy S4 Armband,Technology,Phones,3,7,63.51,-10.07,-0.16,1576
"Acco PRESSTEX Data Binder with Storage Hooks, Dark Blue, 9 1/2"" X 11""",Office Supplies,Binders,4,23,62.95,-0.16,0.00,1577
Peel & Seel Envelopes,Office Supplies,Envelopes,4,18,62.86,26.54,0.42,1578
G.E. Halogen Desk Lamp Bulbs,Furniture,Furnishings,5,11,62.82,22.89,0.36,1579
Avery 515,Office Supplies,Labels,2,5,62.65,29.45,0.47,1580
"Post-it “Important Message” Note Pad, Neon Colors, 50 Sheets/Pad",Office Supplies,Paper,2,9,62.61,28.54,0.46,1581
Newell 350,Office Supplies,Art,6,20,62.32,15.74,0.25,1582
Park Ridge Embossed Executive Business Envelopes,Office Supplies,Envelopes,1,4,62.28,29.27,0.47,1583
Wilson Jones Four-Pocket Poly Binders,Office Supplies,Binders,4,17,62.13,5.43,0.09,1584
Hoover Portapower Portable Vacuum,Office Supplies,Appliances,4,18,61.82,1.34,0.02,1585
Newell 318,Office Supplies,Art,5,23,61.72,14.40,0.23,1586
Anker 24W Portable Micro USB Car Charger,Technology,Phones,2,8,61.54,14.07,0.23,1587
Newell 311,Office Supplies,Art,8,30,61.44,13.04,0.21,1588
Xerox 206,Office Supplies,Paper,5,11,60.91,23.85,0.39,1589
Xerox 1924,Office Supplies,Paper,4,12,60.11,24.74,0.41,1590
Spiral Phone Message Books with Labels by Adams,Office Supplies,Paper,4,15,60.03,25.76,0.43,1591
NETGEAR RangeMax WNR1000 Wireless Router,Technology,Accessories,1,3,59.98,12.00,0.20,1592
"Acco Pressboard Covers with Storage Hooks, 14 7/8"" x 11"", Dark Blue",Office Supplies,Binders,5,24,59.82,13.18,0.22,1593
Newell 330,Office Supplies,Art,4,11,59.80,11.12,0.19,1594
"Master Caster Door Stop, Large Brown",Furniture,Furnishings,3,10,59.70,14.56,0.24,1595
"Crayola Anti Dust Chalk, 12/Pack",Office Supplies,Art,7,35,59.70,24.66,0.41,1596
"Boston 1827 Commercial Additional Cutter, Drive Gear & Gear Rack for 1606",Office Supplies,Art,2,3,59.49,17.85,0.30,1597
"Executive Impressions 16-1/2"" Circular Wall Clock",Furniture,Furnishings,2,4,58.78,-1.07,-0.02,1598
Ideal Clamps,Office Supplies,Fasteners,8,33,58.69,24.86,0.42,1599
Convenience Packs of Business Envelopes,Office Supplies,Envelopes,6,18,58.64,24.11,0.41,1600
Avery 500,Office Supplies,Labels,2,8,58.48,27.49,0.47,1601
Rubber Band Ball,Office Supplies,Fasteners,4,16,58.34,-0.30,-0.01,1602
Xerox 223,Office Supplies,Paper,3,9,58.32,27.99,0.48,1603
Xerox 1974,Office Supplies,Paper,4,10,57.41,26.91,0.47,1604
Binder Posts,Office Supplies,Binders,6,16,57.40,7.81,0.14,1605
Xerox 199,Office Supplies,Paper,4,16,57.35,19.69,0.34,1606
Avery 511,Office Supplies,Labels,6,20,56.67,24.64,0.43,1607
Avery 494,Office Supplies,Labels,6,23,56.38,23.96,0.43,1608
Xerox 1965,Office Supplies,Paper,4,10,56.21,25.71,0.46,1609
"SKILCRAFT Telephone Shoulder Rest, 2"" x 6.5"" x 2.5"", Black",Technology,Phones,3,8,56.16,13.01,0.23,1610
"Executive Impressions 13-1/2"" Indoor/Outdoor Wall Clock",Furniture,Furnishings,2,3,56.10,21.32,0.38,1611
"Hoover Replacement Belts For Soft Guard & Commercial Ltweight Upright Vacs, 2/Pk",Office Supplies,Appliances,5,18,56.09,3.48,0.06,1612
Avery 493,Office Supplies,Labels,4,13,55.97,23.42,0.42,1613
Xerox 1921,Office Supplies,Paper,3,7,55.94,17.48,0.31,1614
GBC Standard Plastic Binding Systems Combs,Office Supplies,Binders,5,13,55.76,-2.92,-0.05,1615
Advantus Push Pins,Office Supplies,Fasteners,7,27,54.94,20.21,0.37,1616
Array Memo Cubes,Office Supplies,Paper,3,11,54.91,25.85,0.47,1617
"Important Message Pads, 50 4-1/4 x 5-1/2 Forms per Pad",Office Supplies,Paper,4,15,54.60,22.47,0.41,1618
Imation Swivel Flash Drive USB flash drive - 8 GB,Technology,Accessories,2,5,54.58,17.62,0.32,1619
"Mead 1st Gear 2"" Zipper Binder, Asst. Colors",Office Supplies,Binders,3,9,54.47,-3.89,-0.07,1620
Xerox 208,Office Supplies,Paper,2,9,54.43,24.11,0.44,1621
Ampad #10 Peel & Seel Holiday Envelopes,Office Supplies,Envelopes,3,12,53.76,25.80,0.48,1622
Staple-on labels,Office Supplies,Labels,5,21,53.75,21.59,0.40,1623
Avery 492,Office Supplies,Labels,5,20,53.57,22.46,0.42,1624
"Eldon Imàge Series Desk Accessories, Clear",Furniture,Furnishings,3,17,53.46,6.37,0.12,1625
GBC VeloBinder Strips,Office Supplies,Binders,4,20,52.99,-23.81,-0.45,1626
EcoTones Memo Sheets,Office Supplies,Paper,3,15,52.80,21.60,0.41,1627
Anderson Hickey Conga Table Tops & Accessories,Furniture,Tables,2,5,51.78,-17.51,-0.34,1628
Colorific Watercolor Pencils,Office Supplies,Art,3,11,51.60,11.30,0.22,1629
Wilson Jones Easy Flow II Sheet Lifters,Office Supplies,Binders,12,49,51.48,5.62,0.11,1630
Avery Durable Slant Ring Binders,Office Supplies,Binders,5,19,51.48,-23.76,-0.46,1631
"Message Book, Standard Line ""While You Were Out"", 5 1/2"" X 4"", 200 Sets/Book",Office Supplies,Paper,2,6,51.36,24.14,0.47,1632
Newell 3-Hole Punched Plastic Slotted Magazine Holders for Binders,Office Supplies,Binders,6,20,51.18,3.66,0.07,1633
"Telephone Message Books with Fax/Mobile Section, 4 1/4"" x 6""",Office Supplies,Paper,3,15,51.12,21.96,0.43,1634
Avery 488,Office Supplies,Labels,6,17,51.03,23.18,0.45,1635
Colored Envelopes,Office Supplies,Envelopes,5,16,50.92,19.04,0.37,1636
"Eldon Spacemaker Box, Quick-Snap Lid, Clear",Office Supplies,Art,6,18,50.77,9.29,0.18,1637
"Commercial WindTunnel Clean Air Upright Vacuum, Replacement Belts, Filtration Bags",Office Supplies,Appliances,7,17,50.57,1.63,0.03,1638
Avery 496,Office Supplies,Labels,4,14,50.25,22.95,0.46,1639
Wausau Papers Astrobrights Colored Envelopes,Office Supplies,Envelopes,3,9,50.23,22.78,0.45,1640
"While You Were Out Pads, 50 per Pad, 4 x 5 1/4, Green Cycle",Office Supplies,Paper,4,13,50.14,18.78,0.37,1641
"1/4 Fold Party Design Invitations & White Envelopes, 24 8-1/2"" X 11"" Cards, 25 Env./Pack",Office Supplies,Paper,2,7,49.98,22.71,0.45,1642
Xerox 1896,Office Supplies,Paper,2,5,49.95,22.48,0.45,1643
Xerox 1950,Office Supplies,Paper,3,9,49.71,23.18,0.47,1644
"TOPS Voice Message Log Book, Flash Format",Office Supplies,Paper,3,12,49.50,20.37,0.41,1645
Xerox 218,Office Supplies,Paper,5,8,49.25,22.29,0.45,1646
Blackstonian Pencils,Office Supplies,Art,4,19,49.13,12.60,0.26,1647
American Pencil,Office Supplies,Art,6,21,48.93,14.19,0.29,1648
Eldon Image Series Black Desk Accessories,Furniture,Furnishings,5,12,48.85,17.06,0.35,1649
Smead Alpha-Z Color-Coded Second Alphabetical Labels and Starter Set,Office Supplies,Labels,5,16,48.05,22.42,0.47,1650
Revere Boxed Rubber Bands by Revere,Office Supplies,Fasteners,6,29,48.01,-5.71,-0.12,1651
Newell 33,Office Supplies,Art,3,10,47.99,8.37,0.17,1652
Avery 514,Office Supplies,Labels,4,17,47.81,22.84,0.48,1653
"Master Caster Door Stop, Gray",Furniture,Furnishings,4,10,47.75,14.22,0.30,1654
"Holmes Visible Mist Ultrasonic Humidifier with 2.3-Gallon Output per Day, Replacement Filter",Office Supplies,Appliances,2,5,47.54,10.19,0.21,1655
Newell 32,Office Supplies,Art,6,17,47.23,11.98,0.25,1656
"Sanford Colorific Scented Colored Pencils, 12/Pack",Office Supplies,Art,2,11,47.08,14.59,0.31,1657
Xerox 1953,Office Supplies,Paper,4,12,47.08,18.83,0.40,1658
Newell 316,Office Supplies,Art,2,11,46.94,8.22,0.18,1659
Xerox 1998,Office Supplies,Paper,2,9,46.66,16.33,0.35,1660
Avery 520,Office Supplies,Labels,5,15,46.62,22.05,0.47,1661
"Stacking Tray, Side-Loading, Legal, Smoke",Furniture,Furnishings,4,16,46.59,-2.87,-0.06,1662
Xerox 1972,Office Supplies,Paper,5,10,46.46,17.42,0.38,1663
Advantus SlideClip Paper Clips,Office Supplies,Fasteners,3,15,46.38,19.78,0.43,1664
Decoflex Hanging Personal Folder File,Office Supplies,Storage,1,3,46.26,12.03,0.26,1665
"Sanford Colorific Eraseable Coloring Pencils, 12 Count",Office Supplies,Art,4,15,45.92,17.88,0.39,1666
Newell 344,Office Supplies,Art,6,18,45.59,8.56,0.19,1667
"Black Avery Memo-Size 3-Ring Binder, 5 1/2"" x 8 1/2""",Office Supplies,Binders,4,16,45.51,15.56,0.34,1668
Avery 491,Office Supplies,Labels,3,12,45.43,18.67,0.41,1669
"GE General Purpose, Extra Long Life, Showcase & Floodlight Incandescent Bulbs",Furniture,Furnishings,7,20,45.40,14.55,0.32,1670
Xerox 215,Office Supplies,Paper,2,7,45.36,21.77,0.48,1671
"Binney & Smith inkTank Desk Highlighter, Chisel Tip, Yellow, 12/Box",Office Supplies,Art,5,22,45.15,13.46,0.30,1672
"Acme Design Line 8"" Stainless Steel Bent Scissors w/Champagne Handles, 3-1/8"" Cut",Office Supplies,Supplies,3,7,45.14,10.19,0.23,1673
Document Clip Frames,Furniture,Furnishings,2,6,45.04,16.01,0.36,1674
DIXON Oriole Pencils,Office Supplies,Art,6,19,44.89,8.62,0.19,1675
Permanent Self-Adhesive File Folder Labels for Typewriters by Universal,Office Supplies,Labels,6,18,44.37,19.00,0.43,1676
Avery 517,Office Supplies,Labels,4,13,44.28,18.86,0.43,1677
Acme Kleen Earth Office Shears,Office Supplies,Supplies,5,12,44.23,11.17,0.25,1678
Kingston Digital DataTraveler 8GB USB 2.0,Technology,Accessories,3,9,44.03,-2.02,-0.05,1679
Accohide Poly Flexible Ring Binders,Office Supplies,Binders,8,34,43.76,-19.82,-0.45,1680
Boston 16750 Black Compact Battery Pencil Sharpener,Office Supplies,Art,2,5,43.75,13.13,0.30,1681
Disposable Triple-Filter Dust Bags,Office Supplies,Appliances,4,10,43.70,11.36,0.26,1682
Acme Rosewood Handle Letter Opener,Office Supplies,Supplies,3,12,43.67,-3.49,-0.08,1683
Nontoxic Chalk,Office Supplies,Art,8,27,42.94,18.23,0.42,1684
Newell 349,Office Supplies,Art,3,14,42.64,10.04,0.24,1685
Imation USB 2.0 Swivel Flash Drive USB flash drive - 4 GB - Pink,Technology,Accessories,3,14,42.42,8.91,0.21,1686
"3-ring staple pack",Office Supplies,Binders,6,26,42.11,16.69,0.40,1687
Acco Hanging Data Binders,Office Supplies,Binders,7,17,41.91,8.23,0.20,1688
Texas Instrument TI-15 Fraction Calculator,Technology,Machines,2,8,41.91,-20.52,-0.49,1689
Acco Side-Punched Conventional Columnar Pads,Office Supplies,Supplies,4,15,41.64,-7.81,-0.19,1690
Wilson Jones Custom Binder Spines & Labels,Office Supplies,Binders,7,22,41.34,-19.69,-0.48,1691
"#10 Gummed Flap White Envelopes, 100/Box",Office Supplies,Envelopes,4,11,41.30,16.77,0.41,1692
"Acco Banker's Clasps, 5 3/4""-Long",Office Supplies,Fasteners,5,15,40.90,18.00,0.44,1693
"Adams Write n' Stick Phone Message Book, 11"" X 5 1/4"", 200 Messages",Office Supplies,Paper,3,8,40.90,16.36,0.40,1693
Cardinal Poly Pocket Divider Pockets for Ring Binders,Office Supplies,Binders,4,15,40.32,12.60,0.31,1695
Xerox 207,Office Supplies,Paper,2,7,40.18,16.59,0.41,1696
Newell 327,Office Supplies,Art,4,18,39.78,10.74,0.27,1697
"Eldon Regeneration Recycled Desk Accessories, Black",Furniture,Furnishings,3,9,39.69,13.12,0.33,1698
Angle-D Ring Binders,Office Supplies,Binders,6,14,39.38,-1.97,-0.05,1699
Prang Dustless Chalk Sticks,Office Supplies,Art,8,24,38.98,18.82,0.48,1700
Acco Expandable Hanging Binders,Office Supplies,Binders,4,11,38.92,1.02,0.03,1701
Newell 310,Office Supplies,Art,7,25,38.72,7.48,0.19,1702
Acco Suede Grain Vinyl Round Ring Binder,Office Supplies,Binders,8,29,38.64,-4.89,-0.13,1703
Cardinal Hold-It CD Pocket,Office Supplies,Binders,4,12,38.30,-12.45,-0.33,1704
Acco 6 Outlet Guardian Basic Surge Suppressor,Office Supplies,Appliances,2,7,38.27,-3.66,-0.10,1705
"Ampad Poly Cover Wirebound Steno Book, 6"" x 9"" Assorted Colors, Gregg Ruled",Office Supplies,Paper,4,9,38.14,15.66,0.41,1706
Peel & Stick Add-On Corner Pockets,Office Supplies,Binders,7,30,38.02,4.32,0.11,1707
Southworth 25% Cotton Granite Paper & Envelopes,Office Supplies,Paper,3,7,37.93,13.21,0.35,1708
Col-Erase Pencils with Erasers,Office Supplies,Art,2,7,37.70,7.48,0.20,1709
Dixon Ticonderoga Pencils,Office Supplies,Art,3,13,37.55,9.27,0.25,1710
Turquoise Lead Holder with Pocket Clip,Office Supplies,Art,3,6,37.52,10.59,0.28,1711
Eldon Pizzaz Desk Accessories,Furniture,Furnishings,4,19,37.46,13.74,0.37,1712
Durable Pressboard Binders,Office Supplies,Binders,2,11,37.24,15.09,0.41,1713
Faber Castell Col-Erase Pencils,Office Supplies,Art,5,8,37.16,14.08,0.38,1714
Xerox 1990,Office Supplies,Paper,2,8,36.96,13.73,0.37,1715
Avery Round Ring Poly Binders,Office Supplies,Binders,6,17,36.92,12.30,0.33,1716
Eldon Jumbo ProFile Portable File Boxes Graphite/Black,Office Supplies,Storage,1,3,36.74,3.67,0.10,1717
Letter or Legal Size Expandable Poly String Tie Envelopes,Office Supplies,Envelopes,4,16,36.71,15.00,0.41,1718
Newell 326,Office Supplies,Art,6,23,36.61,7.87,0.21,1719
Eldon 100 Class Desk Accessories,Furniture,Furnishings,4,18,36.40,-4.85,-0.13,1720
Xerox 1976,Office Supplies,Paper,2,7,36.29,12.70,0.35,1721
Contemporary Borderless Frame,Furniture,Furnishings,2,6,36.16,3.62,0.10,1722
Binder Clips by OIC,Office Supplies,Fasteners,7,27,36.11,15.33,0.42,1723
"Wirebound Message Forms, Four 2 3/4 x 5 Forms per Page, Pink Paper",Office Supplies,Paper,2,5,35.95,14.30,0.40,1724
Regeneration Desk Collection,Furniture,Furnishings,5,21,35.90,15.21,0.42,1725
Wilson Jones DublLock D-Ring Binders,Office Supplies,Binders,2,6,35.78,15.53,0.43,1726
Plastic Stacking Crates & Casters,Office Supplies,Storage,4,8,35.71,2.68,0.08,1727
Acme Kleencut Forged Steel Scissors,Office Supplies,Supplies,3,7,35.59,7.46,0.21,1728
Avery 498,Office Supplies,Labels,3,13,35.26,15.35,0.44,1729
Xerox 1926,Office Supplies,Paper,1,7,34.86,16.38,0.47,1730
Economy #2 Pencils,Office Supplies,Art,4,13,34.58,8.99,0.26,1731
Newell 335,Office Supplies,Art,4,12,34.56,10.02,0.29,1732
Assorted Color Push Pins,Office Supplies,Fasteners,8,21,34.39,8.92,0.26,1733
Xerox 1980,Office Supplies,Paper,2,8,34.24,15.41,0.45,1734
"Eldon Regeneration Recycled Desk Accessories, Smoke",Furniture,Furnishings,5,21,33.76,8.91,0.26,1735
"Super Bands, 12/Pack",Office Supplies,Fasteners,4,20,33.48,-2.60,-0.08,1736
"Pressboard Data Binder, Crimson, 12"" X 8 1/2""",Office Supplies,Binders,3,9,33.11,7.16,0.22,1737
Hammermill CopyPlus Copy Paper (20Lb. and 84 Bright),Office Supplies,Paper,3,7,32.87,15.09,0.46,1738
Wilson Jones Hanging Recycled Pressboard Data Binders,Office Supplies,Binders,2,4,32.65,1.78,0.05,1739
Xerox 1958,Office Supplies,Paper,2,5,32.40,15.55,0.48,1740
Avery 509,Office Supplies,Labels,4,13,32.36,14.04,0.43,1741
Avery Hidden Tab Dividers for Binding Systems,Office Supplies,Binders,7,24,31.59,-7.03,-0.22,1742
Newell 346,Office Supplies,Art,5,11,31.10,8.61,0.28,1743
"OIC #2 Pencils, Medium Soft",Office Supplies,Art,7,17,30.83,8.14,0.26,1744
"Sanford Uni-Blazer View Highlighters, Chisel Tip, Yellow",Office Supplies,Art,3,14,30.80,13.55,0.44,1745
Newell 322,Office Supplies,Art,6,18,30.58,6.66,0.22,1746
Hammermill Color Copier Paper (28Lb. and 96 Bright),Office Supplies,Paper,2,3,29.97,13.49,0.45,1747
Round Ring Binders,Office Supplies,Binders,6,28,29.95,-0.92,-0.03,1748
Economy Binders,Office Supplies,Binders,4,19,29.95,9.80,0.33,1748
Plantronics Single Ear Headset,Technology,Machines,1,5,29.93,-21.95,-0.73,1750
Xerox 1983,Office Supplies,Paper,2,5,29.90,14.65,0.49,1751
Xerox 190,Office Supplies,Paper,2,6,29.88,14.04,0.47,1752
Jiffy Padded Mailers with Self-Seal Closure,Office Supplies,Envelopes,1,2,29.81,10.81,0.36,1753
"Eldon 300 Class Desk Accessories, Black",Furniture,Furnishings,2,6,29.70,13.07,0.44,1754
"Alliance Big Bands Rubber Bands, 12/Pack",Office Supplies,Fasteners,4,15,29.70,0.00,0.00,1755
"Sanford EarthWrite Recycled Pencils, Medium Soft, #2",Office Supplies,Art,3,14,29.40,8.23,0.28,1756
Pencil and Crayon Sharpener,Office Supplies,Art,4,16,29.35,3.77,0.13,1757
Rediform Voice Mail Log Books,Office Supplies,Paper,2,11,29.20,12.16,0.42,1758
UniKeep View Case Binders,Office Supplies,Binders,5,13,28.85,-5.48,-0.19,1759
Avery Reinforcements for Hole-Punch Pages,Office Supplies,Binders,8,41,28.51,-16.14,-0.57,1760
Newell 313,Office Supplies,Art,3,10,28.21,4.26,0.15,1761
"Ampad Evidence Wirebond Steno Books, 6"" x 9""",Office Supplies,Paper,4,14,27.47,11.29,0.41,1762
Sony 8GB Class 10 Micro SDHC R40 Memory Card,Technology,Accessories,1,3,27.19,0.34,0.01,1763
SanDisk Cruzer 8 GB USB Flash Drive,Technology,Accessories,1,4,27.17,-1.36,-0.05,1764
Newell 339,Office Supplies,Art,3,10,26.69,6.12,0.23,1765
Self-Adhesive Address Labels for Typewriters with Dispenser Box,Office Supplies,Labels,2,9,26.57,8.97,0.34,1766
"Avery Hi-Liter GlideStik Fluorescent Highlighter, Yellow Ink",Office Supplies,Art,2,9,26.08,9.65,0.37,1767
Avery Binder Labels,Office Supplies,Binders,4,8,26.06,9.88,0.38,1768
"Binney & Smith inkTank Erasable Pocket Highlighter, Chisel Tip, Yellow",Office Supplies,Art,3,12,25.99,10.67,0.41,1769
SanDisk Cruzer 4 GB USB Flash Drive,Technology,Accessories,2,5,25.96,5.52,0.21,1770
Newell 340,Office Supplies,Art,2,9,25.92,7.52,0.29,1771
Xerox 1985,Office Supplies,Paper,2,5,25.92,9.07,0.35,1772
"Avery Triangle Shaped Sheet Lifters, Black, 2/Pack",Office Supplies,Binders,6,25,25.83,-4.92,-0.19,1773
Bagged Rubber Bands,Office Supplies,Fasteners,5,21,25.70,0.30,0.01,1774
"""While you Were Out"" Message Book, One Form per Page",Office Supplies,Paper,3,8,25.23,10.39,0.41,1775
Colored Push Pins,Office Supplies,Fasteners,5,15,24.98,7.60,0.30,1776
Translucent Push Pins by OIC,Office Supplies,Fasteners,3,15,24.55,5.84,0.24,1777
BIC Brite Liner Grip Highlighters,Office Supplies,Art,5,17,24.27,8.94,0.37,1778
Newell 329,Office Supplies,Art,2,8,24.27,4.85,0.20,1779
Avery 507,Office Supplies,Labels,2,10,24.19,8.64,0.36,1780
Avery 497,Office Supplies,Labels,2,8,24.02,11.21,0.47,1781
Serrated Blade or Curved Handle Hand Letter Openers,Office Supplies,Supplies,2,9,23.86,-4.11,-0.17,1782
Newell 338,Office Supplies,Art,2,8,23.52,6.35,0.27,1783
"Dixon Ticonderoga Maple Cedar Pencil, #2",Office Supplies,Art,3,8,23.33,4.91,0.21,1784
Self-Adhesive Ring Binder Labels,Office Supplies,Binders,4,11,22.88,2.36,0.10,1785
Sanford Pocket Accent Highlighters,Office Supplies,Art,3,14,22.40,9.63,0.43,1786
Avery 510,Office Supplies,Labels,3,7,21.75,8.10,0.37,1787
Newell 323,Office Supplies,Art,3,14,21.17,3.76,0.18,1788
"Avery 05222 Permanent Self-Adhesive File Folder Labels for Typewriters, on Rolls, White, 250/Roll",Office Supplies,Labels,2,5,20.65,9.50,0.46,1789
Avery Hi-Liter Fluorescent Desk Style Markers,Office Supplies,Art,2,6,20.28,7.50,0.37,1790
Rediform S.O.S. Phone Message Books,Office Supplies,Paper,1,4,19.92,9.76,0.49,1791
Sterling Rubber Bands by Alliance,Office Supplies,Fasteners,2,5,19.78,-3.77,-0.19,1792
Nu-Dell EZ-Mount Plastic Wall Frames,Furniture,Furnishings,2,8,19.70,0.79,0.04,1793
Acco Glide Clips,Office Supplies,Fasteners,1,5,19.60,9.60,0.49,1794
Newell 307,Office Supplies,Art,3,12,19.29,3.57,0.18,1795
Maxell 4.7GB DVD-R 5/Pack,Technology,Accessories,5,21,19.01,7.37,0.39,1796
Unpadded Memo Slips,Office Supplies,Paper,2,5,18.31,8.36,0.46,1797
Loose Memo Sheets,Office Supplies,Paper,2,5,18.25,8.58,0.47,1798
"12 Colored Short Pencils",Office Supplies,Art,3,8,18.20,3.02,0.17,1799
Hoover Commercial Lightweight Upright Vacuum,Office Supplies,Appliances,2,8,18.10,-2.51,-0.14,1800
"Stride Job 150 Highlighters, Chisel Tip, Assorted Colors",Office Supplies,Art,1,3,17.94,6.46,0.36,1801
"Binney & Smith inkTank Erasable Desk Highlighter, Chisel Tip, Yellow, 12/Box",Office Supplies,Art,3,8,17.64,5.75,0.33,1802
Avery 502,Office Supplies,Labels,3,7,17.64,6.17,0.35,1802
Insertable Tab Indexes For Data Binders,Office Supplies,Binders,5,13,17.49,-4.83,-0.28,1804
Xerox 1901,Office Supplies,Paper,1,4,16.90,5.28,0.31,1805
Avery 479,Office Supplies,Labels,3,7,16.70,6.84,0.41,1806
Wilson Jones Suede Grain Vinyl Binders,Office Supplies,Binders,3,8,16.40,5.06,0.31,1807
"Binney & Smith Crayola Metallic Crayons, 16-Color Pack",Office Supplies,Art,2,5,16.18,6.74,0.42,1808
Maxell CD-R Discs,Technology,Accessories,3,9,15.76,3.70,0.24,1809
"OIC Binder Clips, Mini, 1/4"" Capacity, Black",Office Supplies,Fasteners,5,13,15.62,7.08,0.45,1810
"Universal Ultra Bright White Copier/Laser Paper, 8 1/2"" x 11"", Ream",Office Supplies,Paper,1,3,15.55,5.64,0.36,1811
"Quartet Alpha White Chalk, 12/Pack",Office Supplies,Art,2,8,15.47,6.10,0.39,1812
Wirebound Voice Message Log Book,Office Supplies,Paper,2,4,15.23,4.95,0.33,1813
Boston 1900 Electric Pencil Sharpener,Office Supplies,Art,1,1,14.98,4.49,0.30,1814
Color-Coded Legal Exhibit Labels,Office Supplies,Labels,2,3,14.73,7.22,0.49,1815
SANFORD Liquid Accent Tank-Style Highlighters,Office Supplies,Art,3,5,14.20,4.40,0.31,1816
Acme Serrated Blade Letter Opener,Office Supplies,Supplies,2,5,13.99,-1.75,-0.13,1817
Sannysis Cute Owl Design Soft Skin Case Cover for Samsung Galaxy S4,Technology,Phones,2,8,13.86,2.30,0.17,1818
Design Ebony Sketching Pencil,Office Supplies,Art,3,11,13.62,2.31,0.17,1819
Memorex Mini Travel Drive 4 GB USB 2.0 Flash Drive,Technology,Accessories,1,2,13.62,3.57,0.26,1820
Alliance Rubber Bands,Office Supplies,Fasteners,2,8,13.44,0.54,0.04,1821
"Brites Rubber Bands, 1 1/2 oz. Box",Office Supplies,Fasteners,3,7,13.07,-0.51,-0.04,1822
"Sanitaire Vibra Groomer IR Commercial Upright Vacuum, Replacement Belts",Office Supplies,Appliances,1,5,13.00,1.30,0.10,1823
OIC Thumb-Tacks,Office Supplies,Fasteners,3,13,13.00,5.14,0.40,1824
Xerox 1984,Office Supplies,Paper,1,2,12.96,6.35,0.49,1825
Xerox 1922,Office Supplies,Paper,1,3,11.95,4.33,0.36,1826
Maxell 4.7GB DVD+R 5/Pack,Technology,Accessories,5,13,11.68,4.60,0.39,1827
Xerox 1969,Office Supplies,Paper,1,2,11.56,5.66,0.49,1828
Avery 482,Office Supplies,Labels,2,4,11.56,5.43,0.47,1828
Acco Economy Flexible Poly Round Ring Binder,Office Supplies,Binders,4,6,11.48,-5.74,-0.50,1830
Computer Printout Index Tabs,Office Supplies,Binders,4,15,11.09,-2.02,-0.18,1831
Storex Flexible Poly Binders with Double Pockets,Office Supplies,Binders,3,9,10.82,-2.01,-0.19,1832
Newell 337,Office Supplies,Art,2,4,10.50,1.18,0.11,1833
Letter Slitter,Office Supplies,Supplies,2,4,10.08,0.30,0.03,1834
Newell 342,Office Supplies,Art,1,3,9.84,2.85,0.29,1835
Hoover Replacement Belt for Commercial Guardsman Heavy-Duty Upright Vacuum,Office Supplies,Appliances,4,6,9.77,0.44,0.05,1836
PNY Rapid USB Car Charger - Black,Technology,Phones,1,2,9.59,-2.08,-0.22,1837
Kleencut Forged Office Shears by Acme United Corporation,Office Supplies,Supplies,2,5,9.57,2.29,0.24,1838
Avery 484,Office Supplies,Labels,1,4,9.22,3.34,0.36,1839
Newell 308,Office Supplies,Art,2,5,8.40,2.10,0.25,1840
Stockwell Gold Paper Clips,Office Supplies,Fasteners,2,5,8.10,3.40,0.42,1841
"4009 Highlighters",Office Supplies,Art,1,6,8.04,2.73,0.34,1842
Xerox 1989,Office Supplies,Paper,1,2,7.97,2.69,0.34,1843
"Avery Hi-Liter Comfort Grip Fluorescent Highlighter, Yellow Ink",Office Supplies,Art,2,4,7.80,3.04,0.39,1844
Avery Hi-Liter Pen Style Six-Color Fluorescent Set,Office Supplies,Art,1,2,7.70,3.16,0.41,1845
Grip Seal Envelopes,Office Supplies,Envelopes,1,2,7.07,2.39,0.34,1846
Xerox 20,Office Supplies,Paper,1,1,6.48,3.11,0.48,1847
Avery 5,Office Supplies,Labels,1,2,5.76,2.82,0.49,1848
Eureka Disposable Bags for Sanitaire Vibra Groomer I Upright Vac,Office Supplies,Appliances,1,2,1.62,-4.47,-2.75,1849
